Family,Full Species,Infra taxa,Habitat,Islands,"Island Size (min, max)",Typical Cover,Date First Seen,Date Last Seen,Notes,taxonName,authority
Adoxaceae,Sambucus cerulea Raf.,,Forest,1,,,,,,Sambucus cerulea,Raf.
Adoxaceae,Sambucus racemosa L.,var. arborescens,Forest,50,,,,,,Sambucus racemosa,L.
Alismataceae,Alisma triviale Pursh,,Wetland,1,,,,,,Alisma triviale,Pursh
Amaranthaceae,Amaranthus blitoides S. Watson*,,Open,1,,,,,,Amaranthus blitoides,S. Watson*
Amaranthaceae,Amaranthus powellii S. Watson*,,Open,1,,,,,,Amaranthus powellii,S. Watson*
Amaranthaceae,Atriplex dioica Raf.,,Shoreline,87,,,,,,Atriplex dioica,Raf.
Amaranthaceae,Atriplex gmelinii C.A. Mey. ex Bong.,var. gmelinii,Shoreline,26,,,,,,Atriplex gmelinii,C.A. Mey. ex Bong.
Amaranthaceae,Atriplex littoralis L.*,,Shoreline,1,,,,,,Atriplex littoralis,L.*
Amaranthaceae,Atriplex patula L.*,,Shoreline,5,,,,,,Atriplex patula,L.*
Amaranthaceae,Atriplex prostrata Boucher ex DC.*,,Shoreline,40,,,,,,Atriplex prostrata,Boucher ex DC.*
Amaranthaceae,"Chenopodiastrum murale (L.) S. Fuentes, Uotila & Borsch*",,Open,1,,,,,,Chenopodiastrum murale,"(L.) S. Fuentes, Uotila & Borsch*"
Amaranthaceae,Chenopodium berlandieri Moq.,var. zschackei,Shoreline,19,,,,,,Chenopodium berlandieri,Moq.
Amaranthaceae,Chenopodium leptophyllum (Moq.) Nutt. ex S. Watson,var. leptophyllum,Open,1,,,,,,Chenopodium leptophyllum,(Moq.) Nutt. ex S. Watson
Amaranthaceae,Chenopodium macrosperma Hook.f,,Wetland,1,,,,,,Chenopodium macrosperma,Hook.f
Amaranthaceae,"Oxybasis rubra (L.) S. Fuentes, Uotila & Borsch",,Shoreline,2,,,,,,Oxybasis rubra,"(L.) S. Fuentes, Uotila & Borsch"
Amaranthaceae,Salicornia depressa Standl.,,Shoreline,3,,,,,,Salicornia depressa,Standl.
Amaranthaceae,Salicornia pacifica Standl.,,Shoreline,54,,,,,,Salicornia pacifica,Standl.
Amaranthaceae,Sarcocornia pacifica Standl.,,Shoreline,5,,,,,,Sarcocornia pacifica,Standl.
Amaryllidaceae,Allium acuminatum Hook.,,Open,97,,,,,,Allium acuminatum,Hook.
Amaryllidaceae,Allium amplectens Torr.,,Open,2,,,,,,Allium amplectens,Torr.
Amaryllidaceae,Allium cernuum Roth,,Shoreline,74,,,,,,Allium cernuum,Roth
Amaryllidaceae,Allium sativum L.*,,Open,2,,,,,,Allium sativum,L.*
Amaryllidaceae,Allium vineale L.*,,Open,2,,,,,,Allium vineale,L.*
Amaryllidaceae,Narcissus poeticus L.*,,Open,5,,,,,,Narcissus poeticus,L.*
Amaryllidaceae,Narcissus pseudonarcissus L.*,,Forest,8,,,,,,Narcissus pseudonarcissus,L.*
Apiaceae,Angelica genuflexa Nutt.,,Wetland,1,,,,,,Angelica genuflexa,Nutt.
Apiaceae,Angelica lucida L.,,Shoreline,2,,,,,,Angelica lucida,L.
Apiaceae,Anthriscus caucalis M. Bieb.*,,Open,20,,,,,,Anthriscus caucalis,M. Bieb.*
Apiaceae,Carum carvi L.*,,Open,1,,,,,,Carum carvi,L.*
Apiaceae,Cicuta douglasii (DC.) J.M. Coult. & Rose,,Wetland,2,,,,,,Cicuta douglasii,(DC.) J.M. Coult. & Rose
Apiaceae,Conioselinum pacificum (S. Watson) J.M. Coult. & Rose,,Wetland,30,,,,,,Conioselinum pacificum,(S. Watson) J.M. Coult. & Rose
Apiaceae,Conium maculatum L.*,,Open,3,,,,,,Conium maculatum,L.*
Apiaceae,Daucus carota L.*,,Open,6,,,,,,Daucus carota,L.*
Apiaceae,Daucus pusillus Michx.,,Open,20,,,,,,Daucus pusillus,Michx.
Apiaceae,Foeniculum vulgare Mill.*,,Open,3,,,,,,Foeniculum vulgare,Mill.*
Apiaceae,Glehnia leiocarpa Mathias,,Shoreline,1,,,,,,Glehnia leiocarpa,Mathias
Apiaceae,Heracleum mantegazzianum Sommier & Levier*,,Forest,3,,,,,,Heracleum mantegazzianum,Sommier & Levier*
Apiaceae,Heracleum maximum Bartr.,,Open,21,,,,,,Heracleum maximum,Bartr.
Apiaceae,Lilaeopsis occidentalis J.M. Coult. & Rose,,Shoreline,2,,,,,,Lilaeopsis occidentalis,J.M. Coult. & Rose
Apiaceae,Lomatium nudicaule (Pursh) J.M. Coult. & Rose,,Open,43,,,,,,Lomatium nudicaule,(Pursh) J.M. Coult. & Rose
Apiaceae,Lomatium utriculatum (Nutt. ex Torr. & A. Gray) J.M. Coult. & Rose,,Open,29,,,,,,Lomatium utriculatum,(Nutt. ex Torr. & A. Gray) J.M. Coult. & Rose
Apiaceae,Oenanthe sarmentosa C. Presl ex DC.,,Wetland,12,,,,,,Oenanthe sarmentosa,C. Presl ex DC.
Apiaceae,Osmorhiza berteroi DC.,,Forest,29,,,,,,Osmorhiza berteroi,DC.
Apiaceae,Osmorhiza purpurea (J.M. Coult. & Rose) Suksd.,,Forest,4,,,,,,Osmorhiza purpurea,(J.M. Coult. & Rose) Suksd.
Apiaceae,Perideridia montana (Blank.) Dorn,,Open,5,,,,,,Perideridia montana,(Blank.) Dorn
Apiaceae,Petrosedum erectum ('t Hart) Grulich*,,Shoreline,1,,,,,,Petrosedum erectum,('t Hart) Grulich*
Apiaceae,Petroselinum crispum (Mill.) Fuss*,,Open,2,,,,,,Petroselinum crispum,(Mill.) Fuss*
Apiaceae,Pimpinella saxifraga L.*,ssp. nigra,Open,1,,,,,,Pimpinella saxifraga,L.*
Apiaceae,Sanicula bipinnatifida Douglas ex Hook.,,Open,12,,,,,,Sanicula bipinnatifida,Douglas ex Hook.
Apiaceae,Sanicula crassicaulis Poepp. ex DC.,var. crassicaulis,Open,78,,,,,,Sanicula crassicaulis,Poepp. ex DC.
Apiaceae,Sium suave Walter,,Wetland,1,,,,,,Sium suave,Walter
Apiaceae,Torilis arvensis (Huds.) Link*,ssp. arvensis,Open,7,,,,,,Torilis arvensis,(Huds.) Link*
Apiaceae,Yabea microcarpa (Hook. & Arn.) Koso-Pol.,,Wetland,1,,,,,,Yabea microcarpa,(Hook. & Arn.) Koso-Pol.
Apocynaceae,Apocynum androsaemifolium L.,,Open,2,,,,,,Apocynum androsaemifolium,L.
Apocynaceae,Vinca major L.*,,Forest,5,,,,,,Vinca major,L.*
Apocynaceae,Vinca minor L.*,,Forest,1,,,,,,Vinca minor,L.*
Aquifoliaceae,Ilex aquifolium L.*,,Open,24,,,,,,Ilex aquifolium,L.*
Araceae,Arum italicum Mill.*,,Forest,3,,,,,,Arum italicum,Mill.*
Araceae,Lemna minor L.,,Wetland,2,,,,,,Lemna minor,L.
Araceae,Lemna trisulca L.,,Wetland,3,,,,,,Lemna trisulca,L.
Araceae,Lemna turionifera Landolt,,Wetland,8,,,,,,Lemna turionifera,Landolt
Araceae,Lysichiton americanus Hulten & H. St. John,,Wetland,5,,,,,,Lysichiton americanus,Hulten & H. St. John
Araceae,Spirodela polyrhiza (L.) Schleid.,,Wetland,3,,,,,,Spirodela polyrhiza,(L.) Schleid.
Araceae,"Wolffia borealis (Engelm.) Landolt & Wildi ex Gandhi, Wiersema & Brouillet",,Wetland,2,,,,,,Wolffia borealis,"(Engelm.) Landolt & Wildi ex Gandhi, Wiersema & Brouillet"
Araceae,Wolffia columbiana H. Karsten,,Wetland,2,,,,,,Wolffia columbiana,H. Karsten
Araliaceae,Hedera helix L.*,,Forest,8,,,,,,Hedera helix,L.*
Araliaceae,Hedera hibernica (G. Kirchn.) Bean*,,Forest,21,,,,,,Hedera hibernica,(G. Kirchn.) Bean*
Aristolochiaceae,Asarum caudatum Lindl.,,Forest,2,,,,,,Asarum caudatum,Lindl.
Asparagaceae,Asparagus officinalis L.*,,Open,5,,,,,,Asparagus officinalis,L.*
Asparagaceae,Brodiaea coronaria (Salisb.) Engl.,,Open,62,,,,,,Brodiaea coronaria,(Salisb.) Engl.
Asparagaceae,Brodiaea rosea (Greene) Baker,var. rosea,Open,5,,,,,,Brodiaea rosea,(Greene) Baker
Asparagaceae,Camassia leichtlinii (Baker) S. Watson,ssp. suksdorfii,Open,95,,,,,,Camassia leichtlinii,(Baker) S. Watson
Asparagaceae,Camassia quamash (Pursh) Greene,ssp. maxima,Open,15,,,,,,Camassia quamash,(Pursh) Greene
Asparagaceae,Dichelostemma congestum (Sm.) Kunth,,Open,1,,,,,,Dichelostemma congestum,(Sm.) Kunth
Asparagaceae,Hyacinthoides xmassartiana Heist. ex Fabr.*,,Open,9,,,,,,Hyacinthoides xmassartiana,Heist. ex Fabr.*
Asparagaceae,Maianthemum dilatatum (Alph. Wood) A. Nelson & J.F. Macbr.,,Forest,16,,,,,,Maianthemum dilatatum,(Alph. Wood) A. Nelson & J.F. Macbr.
Asparagaceae,Maianthemum racemosum (L.) Link,ssp. amplexicaule,Forest,16,,,,,,Maianthemum racemosum,(L.) Link
Asparagaceae,Maianthemum stellatum (L.) Link,,Forest,7,,,,,,Maianthemum stellatum,(L.) Link
Asparagaceae,Muscari armeniacum Leichtlin ex Baker*,,Open,2,,,,,,Muscari armeniacum,Leichtlin ex Baker*
Asparagaceae,Ornithogalum umbellatum L.*,,Open,1,,,,,,Ornithogalum umbellatum,L.*
Asparagaceae,Scilla forbesii (Baker) Speta*,,Open,1,,,,,,Scilla forbesii,(Baker) Speta*
Asparagaceae,Triteleia grandiflora Lindl.,var. howellii,Open,10,,,,,,Triteleia grandiflora,Lindl.
Asparagaceae,Triteleia hyacinthina (Lindl.) Greene,,Open,23,,,,,,Triteleia hyacinthina,(Lindl.) Greene
Aspleniaceae,Asplenium trichomanes L.,ssp. trichomanes,Open,4,,,,,,Asplenium trichomanes,L.
Asteraceae,Achillea millefolium L.,,Open,107,,,,,,Achillea millefolium,L.
Asteraceae,Adenocaulon bicolor Hook.,,Forest,9,,,,,,Adenocaulon bicolor,Hook.
Asteraceae,Agoseris grandiflora (Nutt.) Greene,"ssp. grandiflora, ssp. leptophylla",Open,20,,,,,,Agoseris grandiflora,(Nutt.) Greene
Asteraceae,Agoseris heterophylla (Nutt.) Greene,var. heterophylla,Open,3,,,,,,Agoseris heterophylla,(Nutt.) Greene
Asteraceae,Ambrosia chamissonis (Less.) Greene,,Shoreline,38,,,,,,Ambrosia chamissonis,(Less.) Greene
Asteraceae,Anaphalis margaritacea (L.) Benth. & Hook. f.,,Open,12,,,,,,Anaphalis margaritacea,(L.) Benth. & Hook. f.
Asteraceae,Anisocarpus madioides Nutt.,,Forest,20,,,,,,Anisocarpus madioides,Nutt.
Asteraceae,Antennaria racemosa Hook.,,Open,1,,,,,,Antennaria racemosa,Hook.
Asteraceae,Anthemis cotula L.*,,Open,2,,,,,,Anthemis cotula,L.*
Asteraceae,Arctium minus (Hill) Bernh.*,,Open,4,,,,,,Arctium minus,(Hill) Bernh.*
Asteraceae,Artemisia campestris L.,var. scouleriana,Open,17,,,,,,Artemisia campestris,L.
Asteraceae,Artemisia suksdorfii Piper,,Open,5,,,,,,Artemisia suksdorfii,Piper
Asteraceae,Artemisia vulgaris L.*,,Open,1,,,,,,Artemisia vulgaris,L.*
Asteraceae,Bellis perennis L.*,,Open,23,,,,,,Bellis perennis,L.*
Asteraceae,Bidens beckii Torr. ex Spreng.,,Wetland,1,,,,,,Bidens beckii,Torr. ex Spreng.
Asteraceae,Bidens frondosa L.,,Shoreline,1,,,,,,Bidens frondosa,L.
Asteraceae,Calendula officinalis L.*,,Open,1,,,,,,Calendula officinalis,L.*
Asteraceae,Carduus nutans L.*,,Open,1,,,,,,Carduus nutans,L.*
Asteraceae,Centaurea cyanus L.*,,Open,2,,,,,,Centaurea cyanus,L.*
Asteraceae,Centaurea diffusa Lam.*,,Open,1,,,,,,Centaurea diffusa,Lam.*
Asteraceae,Centaurea gerstlaueri Erdner*,,Open,3,,,,,,Centaurea gerstlaueri,Erdner*
Asteraceae,Centaurea jacea L.*,,Open,2,,,,,,Centaurea jacea,L.*
Asteraceae,Centaurea melitensis L.*,,Open,2,,,,,,Centaurea melitensis,L.*
Asteraceae,Centaurea montana L.*,,Open,1,,,,,,Centaurea montana,L.*
Asteraceae,Centaurea stoebe L.*,ssp. australis,Open,3,,,,,,Centaurea stoebe,L.*
Asteraceae,Centaurea varnensis Velen.*,,Open,1,,,,,,Centaurea varnensis,Velen.*
Asteraceae,Cichorium intybus L.*,,Open,2,,,,,,Cichorium intybus,L.*
Asteraceae,Cirsium arvense (L.) Scop.*,,Open,32,,,,,,Cirsium arvense,(L.) Scop.*
Asteraceae,Cirsium brevistylum Cronquist,,Forest,7,,,,,,Cirsium brevistylum,Cronquist
Asteraceae,Cirsium vulgare (Savi) Ten.*,,Open,67,,,,,,Cirsium vulgare,(Savi) Ten.*
Asteraceae,Conyza canadensis (L.) Cronquist,,Open,3,,,,,,Conyza canadensis,(L.) Cronquist
Asteraceae,Coreopsis grandiflora x C. lanceolata *,,Open,1,,,,,,Coreopsis grandiflora,x C. lanceolata *
Asteraceae,Coreopsis lanceolata L.*,,Open,2,,,,,,Coreopsis lanceolata,L.*
Asteraceae,Cotula coronopifolia L.*,,Shoreline,2,,,,,,Cotula coronopifolia,L.*
Asteraceae,Crepis capillaris (L.) Wallr.*,,Open,10,,,,,,Crepis capillaris,(L.) Wallr.*
Asteraceae,Crepis nicaeensis Balbis ex Pers.*,,Open,1,,,,,,Crepis nicaeensis,Balbis ex Pers.*
Asteraceae,Crocidium multicaule Hook.,,Open,2,,,,,,Crocidium multicaule,Hook.
Asteraceae,Erigeron philadelphicus L.,,Forest,1,,,,,,Erigeron philadelphicus,L.
Asteraceae,Erigeron speciosus (Lindl.) DC.,,Open,1,,,,,,Erigeron speciosus,(Lindl.) DC.
Asteraceae,Eriophyllum lanatum (Pursh) J. Forbes,"var. lanatum, var. leucophyllum",Open,33,,,,,,Eriophyllum lanatum,(Pursh) J. Forbes
Asteraceae,Filago arvensis L.*,,Open,1,,,,,,Filago arvensis,L.*
Asteraceae,Filago vulgaris Lam.*,,Open,4,,,,,,Filago vulgaris,Lam.*
Asteraceae,Gamochaeta ustulata (Nutt.) Holub,,Open,26,,,,,,Gamochaeta ustulata,(Nutt.) Holub
Asteraceae,Gnaphalium palustre Nutt.,,Open,4,,,,,,Gnaphalium palustre,Nutt.
Asteraceae,Gnaphalium uliginosum L.*,,Open,4,,,,,,Gnaphalium uliginosum,L.*
Asteraceae,Grindelia integrifolia DC.,,Shoreline,143,,,,,,Grindelia integrifolia,DC.
Asteraceae,Hemizonella minima (A. Gray) A. Gray,,Open,1,,,,,,Hemizonella minima,(A. Gray) A. Gray
Asteraceae,Hieracium albiflorum Hook.,,Forest,31,,,,,,Hieracium albiflorum,Hook.
Asteraceae,Hieracium aurantiacum L.*,,Open,2,,,,,,Hieracium aurantiacum,L.*
Asteraceae,Hieracium caespitosum Dumort.*,,Open,2,,,,,,Hieracium caespitosum,Dumort.*
Asteraceae,Hieracium flagellare Willd.*,,Open,1,,,,,,Hieracium flagellare,Willd.*
Asteraceae,Hieracium stoloniflorum Waldst. & Kit.*,,Open,1,,,,,,Hieracium stoloniflorum,Waldst. & Kit.*
Asteraceae,Hypochaeris glabra L.*,,Open,24,,,,,,Hypochaeris glabra,L.*
Asteraceae,Hypochaeris radicata L.*,,Open,88,,,,,,Hypochaeris radicata,L.*
Asteraceae,Jacobaea maritima (L.) Pelser & Meijden,,Open,1,,,,,,Jacobaea maritima,(L.) Pelser & Meijden
Asteraceae,Jacobaea maritima x J. vulgaris *,,Open,1,,,,,,Jacobaea maritima,x J. vulgaris *
Asteraceae,Jacobaea vulgaris Gaertn.*,,Open,14,,,,,,Jacobaea vulgaris,Gaertn.*
Asteraceae,Jaumea carnosa (Less.) A. Gray,,Shoreline,4,,,,,,Jaumea carnosa,(Less.) A. Gray
Asteraceae,Lactuca ludoviciana (Nutt.) Riddell,,Open,1,,,,,,Lactuca ludoviciana,(Nutt.) Riddell
Asteraceae,Lactuca serriola L.*,,Open,9,,,,,,Lactuca serriola,L.*
Asteraceae,Lapsana communis L.*,,Open,13,,,,,,Lapsana communis,L.*
Asteraceae,Leontodon autumnalis L.*,,Open,4,,,,,,Leontodon autumnalis,L.*
Asteraceae,Leontodon saxatilis Lam.*,ssp. saxatilis,Open,4,,,,,,Leontodon saxatilis,Lam.*
Asteraceae,Leucanthemum maximum (Ramond) DC.*,,Open,1,,,,,,Leucanthemum maximum,(Ramond) DC.*
Asteraceae,Leucanthemum vulgare Lam.*,,Open,7,,,,,,Leucanthemum vulgare,Lam.*
Asteraceae,Logfia minima (Sm.) Dumort.*,,Open,2,,,,,,Logfia minima,(Sm.) Dumort.*
Asteraceae,Madia exigua (Sm.) A. Gray,,Open,4,,,,,,Madia exigua,(Sm.) A. Gray
Asteraceae,Madia glomerata Hook.,,Open,1,,,,,,Madia glomerata,Hook.
Asteraceae,Madia gracilis (Sm.) D.D. Keck,,Open,9,,,,,,Madia gracilis,(Sm.) D.D. Keck
Asteraceae,Madia sativa Molina,,Open,5,,,,,,Madia sativa,Molina
Asteraceae,Matricaria discoidea DC.,,Open,6,,,,,,Matricaria discoidea,DC.
Asteraceae,Mauranthemum paludosum (Poir.) Vogt & Oberpr.*,,Open,1,,,,,,Mauranthemum paludosum,(Poir.) Vogt & Oberpr.*
Asteraceae,Microseris bigelovii (A. Gray) Sch. Bip.,,Open,2,,,,,,Microseris bigelovii,(A. Gray) Sch. Bip.
Asteraceae,Mycelis muralis (L.) Dumort.*,,Forest,28,,,,,,Mycelis muralis,(L.) Dumort.*
Asteraceae,Packera indecora (Greene) Á. Löve & D. Löve,,Open,1,,,,,,Packera indecora,(Greene) Á. Löve & D. Löve
Asteraceae,Packera macounii (Greene) W.A. Weber & Á. Löve,,Open,4,,,,,,Packera macounii,(Greene) W.A. Weber & Á. Löve
Asteraceae,Petasites frigidus (L.) Fr.,var. palmatus,Wetland,1,,,,,,Petasites frigidus,(L.) Fr.
Asteraceae,Pseudognaphalium stramineum (Kunth) Anderb.,,Open,6,,,,,,Pseudognaphalium stramineum,(Kunth) Anderb.
Asteraceae,Pseudognaphalium thermale (E.E. Nelson) G.L. Nesom,,Open,6,,,,,,Pseudognaphalium thermale,(E.E. Nelson) G.L. Nesom
Asteraceae,Psilocarphus tenellus Nutt.,,Open,1,,,,,,Psilocarphus tenellus,Nutt.
Asteraceae,Senecio sylvaticus L.*,,Open,12,,,,,,Senecio sylvaticus,L.*
Asteraceae,Senecio vulgaris L.*,,Open,60,,,,,,Senecio vulgaris,L.*
Asteraceae,Sericocarpus rigidus Lindl.,,Open,1,,,,,,Sericocarpus rigidus,Lindl.
Asteraceae,Solidago elongata Nutt.,,Open,2,,,,,,Solidago elongata,Nutt.
Asteraceae,Solidago lepida DC.,var. salebrosa,Open,12,,,,,,Solidago lepida,DC.
Asteraceae,Solidago simplex Kunth,"var. nana, var. simplex",Open,2,,,,,,Solidago simplex,Kunth
Asteraceae,Soliva sessilis Ruiz & Pav.*,,Open,12,,,,,,Soliva sessilis,Ruiz & Pav.*
Asteraceae,Sonchus arvensis L.*,ssp. arvensis,Open,16,,,,,,Sonchus arvensis,L.*
Asteraceae,Sonchus asper (L.) Hill*,ssp. asper,Open,71,,,,,,Sonchus asper,(L.) Hill*
Asteraceae,Sonchus oleraceus L.*,,Open,102,,,,,,Sonchus oleraceus,L.*
Asteraceae,Symphyotrichum boreale (Torr. & A. Gray) Á. Löve & D. Löve,,Wetland,1,,,,,,Symphyotrichum boreale,(Torr. & A. Gray) Á. Löve & D. Löve
Asteraceae,Symphyotrichum subspicatum (Nees) G.L. Nesom,,Open,6,,,,,,Symphyotrichum subspicatum,(Nees) G.L. Nesom
Asteraceae,Tanacetum balsamita L.*,,Open,1,,,,,,Tanacetum balsamita,L.*
Asteraceae,Tanacetum parthenium (L.) Sch. Bip.*,,Open,2,,,,,,Tanacetum parthenium,(L.) Sch. Bip.*
Asteraceae,Tanacetum vulgare L.*,,Open,3,,,,,,Tanacetum vulgare,L.*
Asteraceae,Taraxacum erythrospermum Andrz. ex Besser*,,Open,14,,,,,,Taraxacum erythrospermum,Andrz. ex Besser*
Asteraceae,Taraxacum officinale F.H. Wigg.*,,Open,68,,,,,,Taraxacum officinale,F.H. Wigg.*
Asteraceae,Tragopogon dubius Scop.*,,Open,4,,,,,,Tragopogon dubius,Scop.*
Asteraceae,Tragopogon porrifolius L.*,,Open,4,,,,,,Tragopogon porrifolius,L.*
Asteraceae,Tragopogon pratensis L.*,,Open,1,,,,,,Tragopogon pratensis,L.*
Asteraceae,Tripleurospermum inodorum (L.) Sch. Bip.*,,Open,4,,,,,,Tripleurospermum inodorum,(L.) Sch. Bip.*
Athyriaceae,Athyrium filix-femina (L.) Roth ex Mertens,ssp. cyclosorum,Forest,19,,,,,,Athyrium filix-femina,(L.) Roth ex Mertens
Berberidaceae,Berberis aquifolium (Pursh) Nutt.,,Open,87,,,,,,Berberis aquifolium,(Pursh) Nutt.
Berberidaceae,Berberis nervosa (Pursh) Nutt.,,Forest,20,,,,,,Berberis nervosa,(Pursh) Nutt.
Betulaceae,Alnus rubra Bong.,,Forest,18,,,,,,Alnus rubra,Bong.
Betulaceae,Alnus viridis (Chaix) DC.,ssp. sinuata,Forest,8,,,,,,Alnus viridis,(Chaix) DC.
Betulaceae,Betula papyrifera Marshall,,Forest,5,,,,,,Betula papyrifera,Marshall
Betulaceae,Betula pendula Roth*,,Forest,1,,,,,,Betula pendula,Roth*
Betulaceae,Corylus cornuta Marshall,ssp. californica,Forest,3,,,,,,Corylus cornuta,Marshall
Blechnaceae,Struthiopteris spicant (L.) Weiss,,Forest,5,,,,,,Struthiopteris spicant,(L.) Weiss
Boraginaceae,Amsinckia intermedia Fisch. & C.A. Mey.,,Open,3,,,,,,Amsinckia intermedia,Fisch. & C.A. Mey.
Boraginaceae,Amsinckia menziesii (Lehm.) A. Nelson & J.F. Macbr.,,Open,12,,,,,,Amsinckia menziesii,(Lehm.) A. Nelson & J.F. Macbr.
Boraginaceae,Amsinckia spectabilis Fisch. & C.A. Mey.,var. spectabilis,Open,5,,,,,,Amsinckia spectabilis,Fisch. & C.A. Mey.
Boraginaceae,Anchusa azurea Mill.*,,Open,2,,,,,,Anchusa azurea,Mill.*
Boraginaceae,Anchusa officinalis L.*,,Open,1,,,,,,Anchusa officinalis,L.*
Boraginaceae,Borago officinalis L.*,,Open,1,,,,,,Borago officinalis,L.*
Boraginaceae,Buglossoides arvensis (L.) I.M. Johnst.*,,Open,1,,,,,,Buglossoides arvensis,(L.) I.M. Johnst.*
Boraginaceae,Lycopsis arvensis L.*,,Open,1,,,,,,Lycopsis arvensis,L.*
Boraginaceae,Myosotis arvensis (L.) Hill*,,Open,4,,,,,,Myosotis arvensis,(L.) Hill*
Boraginaceae,Myosotis discolor Pers.*,,Open,43,,,,,,Myosotis discolor,Pers.*
Boraginaceae,Myosotis latifolia Poir.*,,Open,1,,,,,,Myosotis latifolia,Poir.*
Boraginaceae,Myosotis laxa Lehm.,,Wetland,4,,,,,,Myosotis laxa,Lehm.
Boraginaceae,Myosotis stricta Link ex Roem. & Schult.*,,Open,12,,,,,,Myosotis stricta,Link ex Roem. & Schult.*
Boraginaceae,Myosotis sylvatica Ehrh. ex Hoffm.*,,Forest,1,,,,,,Myosotis sylvatica,Ehrh. ex Hoffm.*
Boraginaceae,Pentaglottis sempervirens (L.) Tausch ex L.H. Bailey*,,Forest,1,,,,,,Pentaglottis sempervirens,(L.) Tausch ex L.H. Bailey*
Boraginaceae,Plagiobothrys scouleri (Hook. & Arn.) I.M. Johnst.,,Shoreline,28,,,,,,Plagiobothrys scouleri,(Hook. & Arn.) I.M. Johnst.
Boraginaceae,Plagiobothrys tenellus (Nutt. ex Hook.) A. Gray,,Open,4,,,,,,Plagiobothrys tenellus,(Nutt. ex Hook.) A. Gray
Boraginaceae,Symphytum officinale L.*,,Open,1,,,,,,Symphytum officinale,L.*
Boraginaceae,Symphytum uplandicum Nyman*,,Open,1,,,,,,Symphytum uplandicum,Nyman*
Brassicaceae,Alliaria petiolata (M. Bieb.) Cavara & Grande*,,Forest,2,,,,,,Alliaria petiolata,(M. Bieb.) Cavara & Grande*
Brassicaceae,Arabidopsis thaliana (L.) Heynh.*,,Open,8,,,,,,Arabidopsis thaliana,(L.) Heynh.*
Brassicaceae,Arabis caucasica Willd.*,,Open,1,,,,,,Arabis caucasica,Willd.*
Brassicaceae,Arabis eschscholtziana Andrz.,,Open,23,,,,,,Arabis eschscholtziana,Andrz.
Brassicaceae,Aubrieta deltoidea (L.) DC.*,,Open,1,,,,,,Aubrieta deltoidea,(L.) DC.*
Brassicaceae,Barbarea orthoceras Ledeb.,,Open,15,,,,,,Barbarea orthoceras,Ledeb.
Brassicaceae,Barbarea vulgaris W.T. Aiton*,,Open,1,,,,,,Barbarea vulgaris,W.T. Aiton*
Brassicaceae,Brassica juncea (L.) Czern.*,,Open,4,,,,,,Brassica juncea,(L.) Czern.*
Brassicaceae,Brassica nigra (L.) W.D.J. Koch*,,Open,3,,,,,,Brassica nigra,(L.) W.D.J. Koch*
Brassicaceae,Brassica rapa L.*,,Open,4,,,,,,Brassica rapa,L.*
Brassicaceae,Cakile edentula (Bigelow) Hook.*,var. edentula,Shoreline,17,,,,,,Cakile edentula,(Bigelow) Hook.*
Brassicaceae,Cakile maritima Scop.*,ssp. maritima,Shoreline,44,,,,,,Cakile maritima,Scop.*
Brassicaceae,Camelina microcarpa Andrz. ex DC.*,,Open,1,,,,,,Camelina microcarpa,Andrz. ex DC.*
Brassicaceae,Capsella bursa-pastoris (L.) Medik.*,,Open,10,,,,,,Capsella bursa-pastoris,(L.) Medik.*
Brassicaceae,Cardamine flexuosa With.*,,Forest,6,,,,,,Cardamine flexuosa,With.*
Brassicaceae,Cardamine hirsuta L.*,,Open,66,,,,,,Cardamine hirsuta,L.*
Brassicaceae,Cardamine nuttallii Greene,,Forest,2,,,,,,Cardamine nuttallii,Greene
Brassicaceae,Cardamine occidentalis (S. Watson) Howell,,Wetland,2,,,,,,Cardamine occidentalis,(S. Watson) Howell
Brassicaceae,Cardamine oligosperma Nutt.,,Forest,50,,,,,,Cardamine oligosperma,Nutt.
Brassicaceae,Cardamine pensylvanica Muhl. ex Willd.,,Forest,4,,,,,,Cardamine pensylvanica,Muhl. ex Willd.
Brassicaceae,Draba verna L.*,,Open,30,,,,,,Draba verna,L.*
Brassicaceae,Erysimum cheiri (L.) Crantz*,,Open,1,,,,,,Erysimum cheiri,(L.) Crantz*
Brassicaceae,Hesperis matronalis L.*,,Open,2,,,,,,Hesperis matronalis,L.*
Brassicaceae,Hornungia procumbens (L.) Hayek,,Shoreline,11,,,,,,Hornungia procumbens,(L.) Hayek
Brassicaceae,Lepidium campestre (L.) W.T. Aiton*,,Open,1,,,,,,Lepidium campestre,(L.) W.T. Aiton*
Brassicaceae,Lepidium densiflorum Schrad.,,Open,3,,,,,,Lepidium densiflorum,Schrad.
Brassicaceae,Lepidium didymum L.*,,Open,1,,,,,,Lepidium didymum,L.*
Brassicaceae,Lepidium draba L.*,,Open,1,,,,,,Lepidium draba,L.*
Brassicaceae,Lepidium heterophyllum Benth.*,,Open,1,,,,,,Lepidium heterophyllum,Benth.*
Brassicaceae,Lepidium latifolium L.*,,Open,1,,,,,,Lepidium latifolium,L.*
Brassicaceae,Lepidium oxycarpum Torr. & A. Gray,,Shoreline,2,,,,,,Lepidium oxycarpum,Torr. & A. Gray
Brassicaceae,Lepidium perfoliatum L.*,,Open,1,,,,,,Lepidium perfoliatum,L.*
Brassicaceae,Lepidium virginicum L.,ssp. menziesii,Shoreline,72,,,,,,Lepidium virginicum,L.
Brassicaceae,Lobularia maritima (L.) Desv.*,,Open,2,,,,,,Lobularia maritima,(L.) Desv.*
Brassicaceae,Lunaria annua L.*,,Forest,3,,,,,,Lunaria annua,L.*
Brassicaceae,Nasturtium officinale W.T. Aiton*,,Wetland,2,,,,,,Nasturtium officinale,W.T. Aiton*
Brassicaceae,Raphanus raphanistrum L.*,,Open,3,,,,,,Raphanus raphanistrum,L.*
Brassicaceae,Raphanus sativus L.*,,Open,2,,,,,,Raphanus sativus,L.*
Brassicaceae,Rorippa curvisiliqua (Hook.) Bessey ex Britton,,Wetland,2,,,,,,Rorippa curvisiliqua,(Hook.) Bessey ex Britton
Brassicaceae,Rorippa palustris (L.) Besser,ssp. palustris,Wetland,1,,,,,,Rorippa palustris,(L.) Besser
Brassicaceae,Sinapis arvensis L.*,,Open,3,,,,,,Sinapis arvensis,L.*
Brassicaceae,Sisymbrium altissimum L.*,,Open,1,,,,,,Sisymbrium altissimum,L.*
Brassicaceae,Sisymbrium officinale (L.) Scop.*,,Open,3,,,,,,Sisymbrium officinale,(L.) Scop.*
Brassicaceae,Teesdalia nudicaulis (L.) W.T. Aiton*,,Open,5,,,,,,Teesdalia nudicaulis,(L.) W.T. Aiton*
Brassicaceae,Thlaspi arvense L.*,,Open,1,,,,,,Thlaspi arvense,L.*
Brassicaceae,Turritis glabra L.,,Open,49,,,,,,Turritis glabra,L.
Buddleja,Buddleja davidii Franch.*,,Open,1,,,,,,Buddleja davidii,Franch.*
Cabombaceae,Brasenia schreberi J.F. Gmel.,,Wetland,2,,,,,,Brasenia schreberi,J.F. Gmel.
Cactaceae,Opuntia fragilis (Nutt.) Haw.,,Shoreline,27,,,,,,Opuntia fragilis,(Nutt.) Haw.
Campanulaceae,Campanula medium L.*,,Open,2,,,,,,Campanula medium,L.*
Campanulaceae,Campanula persicifolia L.*,,Open,1,,,,,,Campanula persicifolia,L.*
Campanulaceae,Campanula rapunculoides L.*,,Open,1,,,,,,Campanula rapunculoides,L.*
Campanulaceae,Campanula rotundifolia L.,,Open,14,,,,,,Campanula rotundifolia,L.
Campanulaceae,Campanula scouleri Hook. ex A. DC.,,Forest,4,,,,,,Campanula scouleri,Hook. ex A. DC.
Campanulaceae,Githopsis specularioides Nutt.,,Open,1,,,,,,Githopsis specularioides,Nutt.
Campanulaceae,Lobelia dortmanna L.,,Wetland,1,,,,,,Lobelia dortmanna,L.
Campanulaceae,Triodanis perfoliata (L.) Nieuwl.,,Wetland,6,,,,,,Triodanis perfoliata,(L.) Nieuwl.
Caprifoliaceae,Lonicera ciliosa (Pursh) Poir. ex DC.,,Forest,52,,,,,,Lonicera ciliosa,(Pursh) Poir. ex DC.
Caprifoliaceae,Lonicera hispidula (Lindl.) Douglas ex Torr. & A. Gray,,Forest,56,,,,,,Lonicera hispidula,(Lindl.) Douglas ex Torr. & A. Gray
Caprifoliaceae,Lonicera involucrata (Richardson) Banks ex Spreng.,var. involucrata,Forest,9,,,,,,Lonicera involucrata,(Richardson) Banks ex Spreng.
Caprifoliaceae,Symphoricarpos albus (L.) S.F. Blake,var. laevigatus,Forest,94,,,,,,Symphoricarpos albus,(L.) S.F. Blake
Caryophyllaceae,Agrostemma githago L.*,,Open,1,,,,,,Agrostemma githago,L.*
Caryophyllaceae,Arenaria serpyllifolia L.*,var. serpylilfolia,Open,5,,,,,,Arenaria serpyllifolia,L.*
Caryophyllaceae,Cerastium arvense L.,ssp. strictum,Open,106,,,,,,Cerastium arvense,L.
Caryophyllaceae,Cerastium fontanum Baumg.*,ssp. vulgare,Open,12,,,,,,Cerastium fontanum,Baumg.*
Caryophyllaceae,Cerastium glomeratum Thuill.*,,Open,82,,,,,,Cerastium glomeratum,Thuill.*
Caryophyllaceae,Cerastium pumilum Curtis*,,Open,71,,,,,,Cerastium pumilum,Curtis*
Caryophyllaceae,Cerastium semidecandrum L.*,,Open,47,,,,,,Cerastium semidecandrum,L.*
Caryophyllaceae,Cerastium tomentosum L.*,,Open,1,,,,,,Cerastium tomentosum,L.*
Caryophyllaceae,Dianthus armeria L.*,ssp. armeria,Open,5,,,,,,Dianthus armeria,L.*
Caryophyllaceae,Dianthus barbatus L.*,ssp. barbatus,Open,1,,,,,,Dianthus barbatus,L.*
Caryophyllaceae,Holosteum umbellatum L.*,ssp. umbellatum,Open,2,,,,,,Holosteum umbellatum,L.*
Caryophyllaceae,Honckenya peploides (L.) Ehrh.,ssp. major,Shoreline,11,,,,,,Honckenya peploides,(L.) Ehrh.
Caryophyllaceae,Lychnis coronaria (L.) Desr.*,,Open,4,,,,,,Lychnis coronaria,(L.) Desr.*
Caryophyllaceae,Moehringia macrophylla (Hook.) Fenzl,,Forest,5,,,,,,Moehringia macrophylla,(Hook.) Fenzl
Caryophyllaceae,"Moenchia erecta (L.) P. Gaertn., B. Mey. & Scherbius*",,Open,2,,,,,,Moenchia erecta,"(L.) P. Gaertn., B. Mey. & Scherbius*"
Caryophyllaceae,Sabulina macra (A. Nelson & J.F. Macbr.) Dillenb. & Kadereit,,Open,17,,,,,,Sabulina macra,(A. Nelson & J.F. Macbr.) Dillenb. & Kadereit
Caryophyllaceae,Sagina apetala Ard.*,,Shoreline,17,,,,,,Sagina apetala,Ard.*
Caryophyllaceae,Sagina decumbens (Elliott) Torr. & A. Gray,ssp. occidentalis,Shoreline,88,,,,,,Sagina decumbens,(Elliott) Torr. & A. Gray
Caryophyllaceae,Sagina maxima A. Gray,ssp. crassicaulis,Shoreline,31,,,,,,Sagina maxima,A. Gray
Caryophyllaceae,Sagina procumbens L.*,,Shoreline,12,,,,,,Sagina procumbens,L.*
Caryophyllaceae,Scleranthus annuus L.*,,Open,1,,,,,,Scleranthus annuus,L.*
Caryophyllaceae,Silene antirrhina L.,,Open,16,,,,,,Silene antirrhina,L.
Caryophyllaceae,Silene douglasii Hook.,,Open,1,,,,,,Silene douglasii,Hook.
Caryophyllaceae,Silene gallica L.*,,Open,28,,,,,,Silene gallica,L.*
Caryophyllaceae,Silene latifolia Poir.*,,Open,2,,,,,,Silene latifolia,Poir.*
Caryophyllaceae,Silene menziesii Hook.,,Forest,12,,,,,,Silene menziesii,Hook.
Caryophyllaceae,Silene scouleri Hook.,ssp. scouleri,Open,5,,,,,,Silene scouleri,Hook.
Caryophyllaceae,Spergula arvensis L.*,,Shoreline,2,,,,,,Spergula arvensis,L.*
Caryophyllaceae,Spergularia canadensis (Pers.) G. Don,var. occidentalis,Shoreline,7,,,,,,Spergularia canadensis,(Pers.) G. Don
Caryophyllaceae,Spergularia macrotheca (Hornem.) Heynh.,var. macrotheca,Shoreline,55,,,,,,Spergularia macrotheca,(Hornem.) Heynh.
Caryophyllaceae,Spergularia rubra (L.) J. Presl & C. Presl*,,Shoreline,35,,,,,,Spergularia rubra,(L.) J. Presl & C. Presl*
Caryophyllaceae,Spergularia salina J. Presl & C. Presl,,Shoreline,7,,,,,,Spergularia salina,J. Presl & C. Presl
Caryophyllaceae,Stellaria borealis Bigelow,"ssp. borealis, ssp. sitchana",Wetland,6,,,,,,Stellaria borealis,Bigelow
Caryophyllaceae,Stellaria crispa Cham. & Schltdl.,,Forest,10,,,,,,Stellaria crispa,Cham. & Schltdl.
Caryophyllaceae,Stellaria graminea L.*,,Open,1,,,,,,Stellaria graminea,L.*
Caryophyllaceae,Stellaria longifolia Muhl. ex Willd.,,Wetland,2,,,,,,Stellaria longifolia,Muhl. ex Willd.
Caryophyllaceae,Stellaria longipes Goldie,ssp. longipes,Wetland,2,,,,,,Stellaria longipes,Goldie
Caryophyllaceae,Stellaria media (L.) Vill.*,,Open,86,,,,,,Stellaria media,(L.) Vill.*
Caryophyllaceae,Stellaria nitens Nutt.,,Open,14,,,,,,Stellaria nitens,Nutt.
Caryophyllaceae,Stellaria pallida (Dumort.) Crépin*,,Open,21,,,,,,Stellaria pallida,(Dumort.) Crépin*
Caryophyllaceae,Vaccaria hispanica (Mill.) Rauschert*,,Open,1,,,,,,Vaccaria hispanica,(Mill.) Rauschert*
Celastraceae,Paxistima myrsinites (Pursh) Raf.,,Forest,21,,,,,,Paxistima myrsinites,(Pursh) Raf.
Ceratophyllaceae,Ceratophyllum demersum L.,,Wetland,5,,,,,,Ceratophyllum demersum,L.
Convolvulaceae,Calystegia lucana (Ten.) G. Don*,,Open,1,,,,,,Calystegia lucana,(Ten.) G. Don*
Convolvulaceae,Calystegia sepium (L.) R. Br.,,Shoreline,4,,,,,,Calystegia sepium,(L.) R. Br.
Convolvulaceae,Calystegia soldanella (L.) R. Br.,,Shoreline,1,,,,,,Calystegia soldanella,(L.) R. Br.
Convolvulaceae,Convolvulus arvensis L.*,,Open,3,,,,,,Convolvulus arvensis,L.*
Convolvulaceae,Cuscuta epithymum Murray*,var. epithymum,Shoreline,1,,,,,,Cuscuta epithymum,Murray*
Convolvulaceae,Cuscuta pacifica Costea & M.A.R. Wright,var. pacifica,Shoreline,8,,,,,,Cuscuta pacifica,Costea & M.A.R. Wright
Cornaceae,Cornus occidentalis (Torr. & A. Gray) Coville,,Forest,2,,,,,,Cornus occidentalis,(Torr. & A. Gray) Coville
Cornaceae,Cornus stolonifera Michx.,,Forest,3,,,,,,Cornus stolonifera,Michx.
Cornaceae,Cornus unalaschkensis Ledeb.,,Forest,2,,,,,,Cornus unalaschkensis,Ledeb.
Crassulaceae,Crassula connata (Ruiz & Pav.) A. Berger,,Shoreline,2,,,,,,Crassula connata,(Ruiz & Pav.) A. Berger
Crassulaceae,Crassula tillaea Lester-Garl.*,,Shoreline,9,,,,,,Crassula tillaea,Lester-Garl.*
Crassulaceae,Sedum acre L.*,,Shoreline,3,,,,,,Sedum acre,L.*
Crassulaceae,Sedum album L.*,,Shoreline,9,,,,,,Sedum album,L.*
Crassulaceae,Sedum divergens S. Watson,,Open,1,,,,,,Sedum divergens,S. Watson
Crassulaceae,Sedum lanceolatum Torr.,,Shoreline,93,,,,,,Sedum lanceolatum,Torr.
Crassulaceae,Sedum oreganum Nutt.,,Open,2,,,,,,Sedum oreganum,Nutt.
Crassulaceae,Sedum spathulifolium Hook.,,Shoreline,79,,,,,,Sedum spathulifolium,Hook.
Cucurbitaceae,Marah oregana (Torr. & A. Gray) Howell,,Open,5,,,,,,Marah oregana,(Torr. & A. Gray) Howell
Cupressaceae,Juniperus scopulorum Sarg.,,Open,61,,,,,,Juniperus scopulorum,Sarg.
Cupressaceae,Thuja plicata Donn ex D. Don,,Forest,24,,,,,,Thuja plicata,Donn ex D. Don
Cyperaceae,Bolboschoenus maritimus (L.) Palla,ssp. paludosus,Wetland,8,,,,,,Bolboschoenus maritimus,(L.) Palla
Cyperaceae,Carex aquatilis Wahlenb.,"var. aquatilis, var. dives",Wetland,4,,,,,,Carex aquatilis,Wahlenb.
Cyperaceae,Carex arcta Boott,,Wetland,3,,,,,,Carex arcta,Boott
Cyperaceae,Carex aurea Nutt.,,Wetland,3,,,,,,Carex aurea,Nutt.
Cyperaceae,Carex canescens L.,,Wetland,2,,,,,,Carex canescens,L.
Cyperaceae,Carex canescens L.*,,Wetland,2,,,,,,Carex canescens,L.*
Cyperaceae,Carex cusickii Mack. ex Piper & Beattie,,Wetland,4,,,,,,Carex cusickii,Mack. ex Piper & Beattie
Cyperaceae,Carex densa (L.H. Bailey) L.H. Bailey,,Open,1,,,,,,Carex densa,(L.H. Bailey) L.H. Bailey
Cyperaceae,Carex echinata Murray,"ssp. echinata, ssp. phyllomanica",Wetland,2,,,,,,Carex echinata,Murray
Cyperaceae,Carex exsiccata L.H. Bailey,,Wetland,5,,,,,,Carex exsiccata,L.H. Bailey
Cyperaceae,Carex hendersonii L.H. Bailey,,Wetland,4,,,,,,Carex hendersonii,L.H. Bailey
Cyperaceae,Carex hoodii Boott,,Open,1,,,,,,Carex hoodii,Boott
Cyperaceae,Carex inops L.H. Bailey,ssp. Inops,Open,17,,,,,,Carex inops,L.H. Bailey
Cyperaceae,Carex interior L.H. Bailey,,Wetland,2,,,,,,Carex interior,L.H. Bailey
Cyperaceae,Carex kelloggii W. Boott,"var. impressa, var. kelloggii, var. limnophila",Wetland,5,,,,,,Carex kelloggii,W. Boott
Cyperaceae,Carex laeviculmis Meinsh.,,Wetland,1,,,,,,Carex laeviculmis,Meinsh.
Cyperaceae,Carex lasiocarpa Ehrh.,,Wetland,1,,,,,,Carex lasiocarpa,Ehrh.
Cyperaceae,Carex leporina L.,,Wetland,2,,,,,,Carex leporina,L.
Cyperaceae,Carex leptalea Wahlenb.,,Wetland,2,,,,,,Carex leptalea,Wahlenb.
Cyperaceae,Carex leptopoda Mack.,,Forest,17,,,,,,Carex leptopoda,Mack.
Cyperaceae,Carex leptopoda Mack.,,Forest,17,,,,,,Carex leptopoda,Mack.
Cyperaceae,Carex lyngbyei Hornem.,,Shoreline,15,,,,,,Carex lyngbyei,Hornem.
Cyperaceae,Carex macrocephala Willd. ex Spreng.,,Shoreline,5,,,,,,Carex macrocephala,Willd. ex Spreng.
Cyperaceae,Carex obnupta L.H. Bailey,,Wetland,12,,,,,,Carex obnupta,L.H. Bailey
Cyperaceae,Carex pachystachya Cham. ex Steud.,,Wetland,7,,,,,,Carex pachystachya,Cham. ex Steud.
Cyperaceae,Carex pansa L.H. Bailey,,Open,3,,,,,,Carex pansa,L.H. Bailey
Cyperaceae,Carex pauciflora Lightf.,,Open,1,,,,,,Carex pauciflora,Lightf.
Cyperaceae,Carex pendula Huds.*,,Forest,1,,,,,,Carex pendula,Huds.*
Cyperaceae,Carex praticola Rydb.,,Open,2,,,,,,Carex praticola,Rydb.
Cyperaceae,Carex rossii Boott,,Open,13,,,,,,Carex rossii,Boott
Cyperaceae,Carex stipata Muhl. ex Willd.,var. stipata,Wetland,3,,,,,,Carex stipata,Muhl. ex Willd.
Cyperaceae,Carex subbracteata Mack.,,Wetland,1,,,,,,Carex subbracteata,Mack.
Cyperaceae,Carex tumulicola Mack.,,Open,3,,,,,,Carex tumulicola,Mack.
Cyperaceae,Carex unilateralis Mack.,,Wetland,1,,,,,,Carex unilateralis,Mack.
Cyperaceae,Carex utriculata Boott,,Wetland,6,,,,,,Carex utriculata,Boott
Cyperaceae,Carex vesicaria L.,var. major,Wetland,2,,,,,,Carex vesicaria,L.
Cyperaceae,Carex viridula Michx.,var. viridula,Shoreline,3,,,,,,Carex viridula,Michx.
Cyperaceae,Carex vulpinoidea Michx.,,Open,1,,,,,,Carex vulpinoidea,Michx.
Cyperaceae,Carex zikae E.H. Roalson & M.J. Waterway,,Open,9,,,,,,Carex zikae,E.H. Roalson & M.J. Waterway
Cyperaceae,Dulichium arundinaceum (L.) Britton,,Wetland,4,,,,,,Dulichium arundinaceum,(L.) Britton
Cyperaceae,Eleocharis acicularis (L.) Roem. & Schult.,,Wetland,1,,,,,,Eleocharis acicularis,(L.) Roem. & Schult.
Cyperaceae,Eleocharis macrostachya Britton,,Wetland,4,,,,,,Eleocharis macrostachya,Britton
Cyperaceae,Eleocharis obtusa (Willd.) Schult.,,Wetland,1,,,,,,Eleocharis obtusa,(Willd.) Schult.
Cyperaceae,Eleocharis palustris (L.) Roem. & Schult.,,Wetland,7,,,,,,Eleocharis palustris,(L.) Roem. & Schult.
Cyperaceae,"Eleocharis parvula (Roem. & Schultes) Link ex Bluff Nees, & Schauer",,Wetland,1,,,,,,Eleocharis parvula,"(Roem. & Schultes) Link ex Bluff Nees, & Schauer"
Cyperaceae,Eriophorum chamissonis C.A. Mey.,,Wetland,1,,,,,,Eriophorum chamissonis,C.A. Mey.
Cyperaceae,Eriophorum gracile W.D.J. Koch ex Roth,,Wetland,1,,,,,,Eriophorum gracile,W.D.J. Koch ex Roth
Cyperaceae,Rhynchospora alba (L.) Vahl,,Wetland,1,,,,,,Rhynchospora alba,(L.) Vahl
Cyperaceae,Schoenoplectus acutus (Muhl. ex Bigelow) Á. Löve & D. Löve,,Wetland,6,,,,,,Schoenoplectus acutus,(Muhl. ex Bigelow) Á. Löve & D. Löve
Cyperaceae,Schoenoplectus americanus (Pers.) Volkart ex Schinz & R. Keller,,Shoreline,2,,,,,,Schoenoplectus americanus,(Pers.) Volkart ex Schinz & R. Keller
Cyperaceae,Schoenoplectus subterminalis (Torr.) Soják,,Wetland,1,,,,,,Schoenoplectus subterminalis,(Torr.) Soják
Cyperaceae,Schoenoplectus tabernaemontani (C.C. Gmel.) Palla,,Wetland,3,,,,,,Schoenoplectus tabernaemontani,(C.C. Gmel.) Palla
Cyperaceae,Scirpus atrocinctus Fernald,,Wetland,1,,,,,,Scirpus atrocinctus,Fernald
Cyperaceae,Scirpus cyperinus (L.) Kunth*,,Wetland,1,,,,,,Scirpus cyperinus,(L.) Kunth*
Cyperaceae,Scirpus microcarpus J. Presl & C. Presl,,Wetland,5,,,,,,Scirpus microcarpus,J. Presl & C. Presl
Cystopteridaceae,Cystopteris fragilis (L.) Bernh.,,Forest,7,,,,,,Cystopteris fragilis,(L.) Bernh.
Dennstaedtiaceae,Pteridium aquilinum (L.) Kuhn,var. pubescens,Forest,30,,,,,,Pteridium aquilinum,(L.) Kuhn
Dipsacaceae,Dipsacus fullonum L.*,,Open,5,,,,,,Dipsacus fullonum,L.*
Droseraceae,Drosera rotundifolia L.,,Wetland,3,,,,,,Drosera rotundifolia,L.
Dryopteridaceae,Dryopteris arguta (Kaulf.) Maxon,,Forest,1,,,,,,Dryopteris arguta,(Kaulf.) Maxon
Dryopteridaceae,Dryopteris expansa (C. Presl) Fraser-Jenk. & Jermy,,Forest,14,,,,,,Dryopteris expansa,(C. Presl) Fraser-Jenk. & Jermy
Dryopteridaceae,Polystichum munitum (Kaulf.) C. Presl,,Forest,50,,,,,,Polystichum munitum,(Kaulf.) C. Presl
Elaeagnaceae,Elaeagnus umbellata Thunb.*,,Open,1,,,,,,Elaeagnus umbellata,Thunb.*
Elaeagnaceae,Shepherdia canadensis (L.) Nutt.,,Forest,21,,,,,,Shepherdia canadensis,(L.) Nutt.
Equisetaceae,Equisetum arvense L.,,Open,13,,,,,,Equisetum arvense,L.
Equisetaceae,Equisetum ferrissii Clute,,Open,1,,,,,,Equisetum ferrissii,Clute
Equisetaceae,Equisetum fluviatile L.,,Wetland,3,,,,,,Equisetum fluviatile,L.
Equisetaceae,Equisetum hyemale L.,ssp. affine,Wetland,9,,,,,,Equisetum hyemale,L.
Equisetaceae,Equisetum palustre L.,,Wetland,5,,,,,,Equisetum palustre,L.
Equisetaceae,Equisetum telmateia Ehrh.,ssp. braunii,Wetland,13,,,,,,Equisetum telmateia,Ehrh.
Ericaceae,Allotropa virgata Torr. & A. Gray,,Forest,2,,,,,,Allotropa virgata,Torr. & A. Gray
Ericaceae,Arbutus menziesii Pursh,,Forest,62,,,,,,Arbutus menziesii,Pursh
Ericaceae,Arctostaphylos columbiana Piper,,Open,2,,,,,,Arctostaphylos columbiana,Piper
Ericaceae,Arctostaphylos media Greene,,Open,1,,,,,,Arctostaphylos media,Greene
Ericaceae,Arctostaphylos uva-ursi (L.) Spreng.,,Open,7,,,,,,Arctostaphylos uva-ursi,(L.) Spreng.
Ericaceae,Chimaphila menziesii (R. Br.) Spreng.,,Forest,3,,,,,,Chimaphila menziesii,(R. Br.) Spreng.
Ericaceae,Chimaphila umbellata (L.) W.P.C. Barton,ssp. umellata,Forest,4,,,,,,Chimaphila umbellata,(L.) W.P.C. Barton
Ericaceae,Gaultheria shallon Pursh,,Forest,37,,,,,,Gaultheria shallon,Pursh
Ericaceae,Kalmia microphylla (Hook.) A. Heller,var. occidentalis,Wetland,3,,,,,,Kalmia microphylla,(Hook.) A. Heller
Ericaceae,Moneses uniflora (L.) A. Gray,,Forest,1,,,,,,Moneses uniflora,(L.) A. Gray
Ericaceae,Monotropa hypopitys L.,,Forest,2,,,,,,Monotropa hypopitys,L.
Ericaceae,Monotropa uniflora L.,,Forest,13,,,,,,Monotropa uniflora,L.
Ericaceae,Orthilia secunda (L.) House,,Forest,2,,,,,,Orthilia secunda,(L.) House
Ericaceae,Pterospora andromedea Nutt.,,Forest,2,,,,,,Pterospora andromedea,Nutt.
Ericaceae,Pyrola aphylla Sm.,,Forest,1,,,,,,Pyrola aphylla,Sm.
Ericaceae,Pyrola asarifolia Michx.,"ssp. asarifolia, ssp. bracteata",Forest,4,,,,,,Pyrola asarifolia,Michx.
Ericaceae,Pyrola chlorantha Sw.,,Forest,2,,,,,,Pyrola chlorantha,Sw.
Ericaceae,Pyrola dentata Sm.,,Forest,1,,,,,,Pyrola dentata,Sm.
Ericaceae,Pyrola minor L.,,Forest,1,,,,,,Pyrola minor,L.
Ericaceae,Pyrola picta Sm.,,Forest,3,,,,,,Pyrola picta,Sm.
Ericaceae,Rhododendron columbianum (Piper) Harmaja,,Forest,1,,,,,,Rhododendron columbianum,(Piper) Harmaja
Ericaceae,Rhododendron groenlandicum (Oeder) Kron & Judd,,Forest,5,,,,,,Rhododendron groenlandicum,(Oeder) Kron & Judd
Ericaceae,Rhododendron macrophyllum D. Don ex G. Don,,Forest,1,,,,,,Rhododendron macrophyllum,D. Don ex G. Don
Ericaceae,Vaccinium cespitosum Michx.,,Forest,1,,,,,,Vaccinium cespitosum,Michx.
Ericaceae,Vaccinium ovatum Pursh,,Forest,4,,,,,,Vaccinium ovatum,Pursh
Ericaceae,Vaccinium oxycoccos L.,,Forest,2,,,,,,Vaccinium oxycoccos,L.
Ericaceae,Vaccinium parvifolium Sm.,,Forest,21,,,,,,Vaccinium parvifolium,Sm.
Ericaceae,Vaccinium uliginosum L.,,Forest,1,,,,,,Vaccinium uliginosum,L.
Euphorbiaceae,Euphorbia characias L.*,,Open,1,,,,,,Euphorbia characias,L.*
Euphorbiaceae,Euphorbia cyparissias L.*,,Open,4,,,,,,Euphorbia cyparissias,L.*
Euphorbiaceae,Euphorbia elongata Poir.*,,Open,1,,,,,,Euphorbia elongata,Poir.*
Euphorbiaceae,Euphorbia myrsinites L.*,,Open,1,,,,,,Euphorbia myrsinites,L.*
Euphorbiaceae,Euphorbia peplus L.*,,Open,3,,,,,,Euphorbia peplus,L.*
Fabaceae,Acmispon americanus (Nutt.) Rydb.,var. americanus,Open,4,,,,,,Acmispon americanus,(Nutt.) Rydb.
Fabaceae,Acmispon denticulatus (Drew) Sokoloff,,Open,10,,,,,,Acmispon denticulatus,(Drew) Sokoloff
Fabaceae,Acmispon parviflorus (Benth.) D.D. Sokoloff,,Open,17,,,,,,Acmispon parviflorus,(Benth.) D.D. Sokoloff
Fabaceae,Cytisus scoparius (L.) Link*,,Open,8,,,,,,Cytisus scoparius,(L.) Link*
Fabaceae,Laburnum anagyroidis Medik.*,,Forest,1,,,,,,Laburnum anagyroidis,Medik.*
Fabaceae,Lathyrus aphaca L.*,,Open,1,,,,,,Lathyrus aphaca,L.*
Fabaceae,Lathyrus japonicus Willd.,,Shoreline,57,,,,,,Lathyrus japonicus,Willd.
Fabaceae,Lathyrus latifolius L.*,,Open,4,,,,,,Lathyrus latifolius,L.*
Fabaceae,Lathyrus littoralis (Nutt.) Endl. ex Walp.,,Shoreline,1,,,,,,Lathyrus littoralis,(Nutt.) Endl. ex Walp.
Fabaceae,Lathyrus nevadensis S. Watson,var. nevadensis,Forest,47,,,,,,Lathyrus nevadensis,S. Watson
Fabaceae,Lathyrus palustris L.,,Shoreline,5,,,,,,Lathyrus palustris,L.
Fabaceae,Lathyrus sylvestris L.*,,Open,1,,,,,,Lathyrus sylvestris,L.*
Fabaceae,Lotus corniculatus L.*,,Open,8,,,,,,Lotus corniculatus,L.*
Fabaceae,Lotus tenuis Waldst. & Kit. ex Willd.*,,Open,2,,,,,,Lotus tenuis,Waldst. & Kit. ex Willd.*
Fabaceae,Lupinus arboreus Sims*,,Open,4,,,,,,Lupinus arboreus,Sims*
Fabaceae,Lupinus bicolor Lindl.,,Open,15,,,,,,Lupinus bicolor,Lindl.
Fabaceae,Lupinus latifolius Lindl. ex J. Agardh,var. latifolius,Open,2,,,,,,Lupinus latifolius,Lindl. ex J. Agardh
Fabaceae,Lupinus littoralis Douglas,var. littoralis,Open,2,,,,,,Lupinus littoralis,Douglas
Fabaceae,Lupinus microcarpus Sims,var. microcarpus,Open,7,,,,,,Lupinus microcarpus,Sims
Fabaceae,Lupinus pachylobus Greene,,Open,1,,,,,,Lupinus pachylobus,Greene
Fabaceae,Lupinus rivularis Douglas ex Lindl.,,Open,1,,,,,,Lupinus rivularis,Douglas ex Lindl.
Fabaceae,Medicago arabica (L.) Huds.*,,Open,1,,,,,,Medicago arabica,(L.) Huds.*
Fabaceae,Medicago lupulina L.*,,Open,7,,,,,,Medicago lupulina,L.*
Fabaceae,Medicago sativa L.*,,Open,2,,,,,,Medicago sativa,L.*
Fabaceae,Melilotus albus Medik.*,,Open,2,,,,,,Melilotus albus,Medik.*
Fabaceae,Melilotus officinalis (L.) Lam.*,,Open,2,,,,,,Melilotus officinalis,(L.) Lam.*
Fabaceae,Oxytropis campestris (L.) DC.,var. spicata,Shoreline,3,,,,,,Oxytropis campestris,(L.) DC.
Fabaceae,Pisum sativum L.*,,Open,1,,,,,,Pisum sativum,L.*
Fabaceae,Rupertia physodes (Douglas ex Hook.) J.W. Grimes,,Open,2,,,,,,Rupertia physodes,(Douglas ex Hook.) J.W. Grimes
Fabaceae,Trifolium arvense L.*,,Open,2,,,,,,Trifolium arvense,L.*
Fabaceae,Trifolium campestre Schreb.*,,Open,8,,,,,,Trifolium campestre,Schreb.*
Fabaceae,Trifolium depauperatum Desv.,,Open,1,,,,,,Trifolium depauperatum,Desv.
Fabaceae,Trifolium dichotomum Hook. & Arn.,,Open,8,,,,,,Trifolium dichotomum,Hook. & Arn.
Fabaceae,Trifolium dubium Sibth.*,,Open,50,,,,,,Trifolium dubium,Sibth.*
Fabaceae,Trifolium fragiferum L.*,,Open,1,,,,,,Trifolium fragiferum,L.*
Fabaceae,Trifolium hybridum L.*,,Open,1,,,,,,Trifolium hybridum,L.*
Fabaceae,Trifolium incarnatum L.*,,Open,2,,,,,,Trifolium incarnatum,L.*
Fabaceae,Trifolium microcephalum Pursh,,Open,58,,,,,,Trifolium microcephalum,Pursh
Fabaceae,Trifolium microdon Hook. & Arn.,,Open,53,,,,,,Trifolium microdon,Hook. & Arn.
Fabaceae,Trifolium oliganthum Steud.,,Open,43,,,,,,Trifolium oliganthum,Steud.
Fabaceae,Trifolium pratense L.*,,Open,14,,,,,,Trifolium pratense,L.*
Fabaceae,Trifolium repens L.*,,Open,17,,,,,,Trifolium repens,L.*
Fabaceae,Trifolium retusum L.*,,Open,1,,,,,,Trifolium retusum,L.*
Fabaceae,Trifolium striatum L.*,,Open,1,,,,,,Trifolium striatum,L.*
Fabaceae,Trifolium subterraneum L.*,,Open,17,,,,,,Trifolium subterraneum,L.*
Fabaceae,Trifolium suffocatum L.*,,Open,2,,,,,,Trifolium suffocatum,L.*
Fabaceae,Trifolium variegatum Nutt.,,Open,40,,,,,,Trifolium variegatum,Nutt.
Fabaceae,Trifolium willdenovii Spreng.,,Open,87,,,,,,Trifolium willdenovii,Spreng.
Fabaceae,Trifolium wormskioldii Lehm.,,Open,2,,,,,,Trifolium wormskioldii,Lehm.
Fabaceae,Ulex europaeus L.*,,Open,1,,,,,,Ulex europaeus,L.*
Fabaceae,Vicia americana Muhl. ex Willd.,var. americana,Forest,76,,,,,,Vicia americana,Muhl. ex Willd.
Fabaceae,Vicia cracca L.*,,Open,2,,,,,,Vicia cracca,L.*
Fabaceae,Vicia hirsuta (L.) Gray*,,Open,57,,,,,,Vicia hirsuta,(L.) Gray*
Fabaceae,Vicia lathyroides L.*,,Open,1,,,,,,Vicia lathyroides,L.*
Fabaceae,Vicia nigricans Hook. & Arn.,var. gigantea,Forest,32,,,,,,Vicia nigricans,Hook. & Arn.
Fabaceae,Vicia sativa L.*,"var. angustifolia, var. sativa",Open,71,,,,,,Vicia sativa,L.*
Fabaceae,Vicia tetrasperma (L.) Schreb.*,,Open,1,,,,,,Vicia tetrasperma,(L.) Schreb.*
Fabaceae,Vicia villosa Roth*,var. glabrescens,Open,4,,,,,,Vicia villosa,Roth*
Fagaceae,Quercus garryana Douglas ex Hook.,var. garryana,Open,38,,,,,,Quercus garryana,Douglas ex Hook.
Gentianaceae,Centaurium erythraea Rafn*,,Open,5,,,,,,Centaurium erythraea,Rafn*
Gentianaceae,"Centaurium pulchellum (Sw.) Hayek ex Hand.-Mazz., Stadlm., Janch. & Faltis*",,Open,1,,,,,,Centaurium pulchellum,"(Sw.) Hayek ex Hand.-Mazz., Stadlm., Janch. & Faltis*"
Gentianaceae,Gentianella amarella (L.) Börner,ssp. acuta,Wetland,3,,,,,,Gentianella amarella,(L.) Börner
Geraniaceae,Erodium cicutarium (L.) L\\\'Hér. ex Aiton*,ssp. cicutarium,Open,26,,,,,,Erodium cicutarium,(L.) L\\\'Hér. ex Aiton*
Geraniaceae,Geranium bicknellii Britton,,Forest,1,,,,,,Geranium bicknellii,Britton
Geraniaceae,Geranium carolinianum L.,,Forest,5,,,,,,Geranium carolinianum,L.
Geraniaceae,Geranium dissectum L.*,,Open,23,,,,,,Geranium dissectum,L.*
Geraniaceae,Geranium lucidum L.*,,Open,2,,,,,,Geranium lucidum,L.*
Geraniaceae,Geranium molle L.*,,Open,99,,,,,,Geranium molle,L.*
Geraniaceae,Geranium pusillum L.*,,Open,2,,,,,,Geranium pusillum,L.*
Geraniaceae,Geranium robertianum L.*,,Forest,6,,,,,,Geranium robertianum,L.*
Grossulariaceae,Ribes divaricatum Douglas,var. divaricatum,Forest,63,,,,,,Ribes divaricatum,Douglas
Grossulariaceae,Ribes lacustre (Pers.) Poir.,,Forest,10,,,,,,Ribes lacustre,(Pers.) Poir.
Grossulariaceae,Ribes sanguineum Pursh,var. sanguineum,Forest,54,,,,,,Ribes sanguineum,Pursh
Haloragaceae,Myriophyllum sibiricum Kom.,,Wetland,4,,,,,,Myriophyllum sibiricum,Kom.
Haloragaceae,Myriophyllum verticillatum L.,,Wetland,3,,,,,,Myriophyllum verticillatum,L.
Hydrangeaceae,Philadelphus lewisii Pursh,,Forest,7,,,,,,Philadelphus lewisii,Pursh
Hydrocharitaceae,Egeria densa Planch.*,,Wetland,1,,,,,,Egeria densa,Planch.*
Hydrocharitaceae,Elodea canadensis Michx.,,Wetland,3,,,,,,Elodea canadensis,Michx.
Hydrocharitaceae,Najas canadensis Michx.,,Wetland,1,,,,,,Najas canadensis,Michx.
Hydrocharitaceae,Najas flexilis (Willd.) Rostk. & W.L.E. Schmidt,,Wetland,3,,,,,,Najas flexilis,(Willd.) Rostk. & W.L.E. Schmidt
Hydrophyllaceae,Nemophila parviflora Douglas ex Benth.,"var. parviflora, var. austiniae",Forest,14,,,,,,Nemophila parviflora,Douglas ex Benth.
Hydrophyllaceae,Nemophila pedunculata Douglas ex Benth.,,Forest,1,,,,,,Nemophila pedunculata,Douglas ex Benth.
Hydrophyllaceae,Phacelia linearis (Pursh) Holz.,,Open,1,,,,,,Phacelia linearis,(Pursh) Holz.
Hypericaceae,Hypericum anagalloides Cham. & Schltdl.,,Wetland,3,,,,,,Hypericum anagalloides,Cham. & Schltdl.
Hypericaceae,Hypericum calycinum L.*,,Open,1,,,,,,Hypericum calycinum,L.*
Hypericaceae,Hypericum perforatum L.*,,Open,7,,,,,,Hypericum perforatum,L.*
Hypericaceae,Hypericum scouleri Hook.,,Wetland,2,,,,,,Hypericum scouleri,Hook.
Iridaceae,Crocus stellaris Haw.*,,Open,1,,,,,,Crocus stellaris,Haw.*
Iridaceae,Iris foetidissima L.*,,Open,2,,,,,,Iris foetidissima,L.*
Iridaceae,Iris germanica L.*,,Open,7,,,,,,Iris germanica,L.*
Iridaceae,Iris pseudacorus L.*,,Wetland,6,,,,,,Iris pseudacorus,L.*
Iridaceae,Olsynium douglasii (A. Dietr.) E.P. Bicknell,var. douglasii,Open,6,,,,,,Olsynium douglasii,(A. Dietr.) E.P. Bicknell
Iridaceae,Sisyrinchium californicum (Ker Gawl.) W.T.Aiton,,Open,1,,,,,,Sisyrinchium californicum,(Ker Gawl.) W.T.Aiton
Iridaceae,Sisyrinchium idahoense E.P. Bicknell,"var. macounii, var. segetum",Open,8,,,,,,Sisyrinchium idahoense,E.P. Bicknell
Isoetaceae,Isoetes nuttallii A. Br.,,Wetland,1,,,,,,Isoetes nuttallii,A. Br.
Isoetaceae,Isoetes occidentalis L.F. Hend.,,Wetland,1,,,,,,Isoetes occidentalis,L.F. Hend.
Juncaceae,Juncus acuminatus Michx.,,Wetland,4,,,,,,Juncus acuminatus,Michx.
Juncaceae,Juncus alpinoarticulatus Chaix,,Wetland,1,,,,,,Juncus alpinoarticulatus,Chaix
Juncaceae,Juncus articulatus L.,ssp. articulata,Wetland,4,,,,,,Juncus articulatus,L.
Juncaceae,Juncus balticus Willd.,ssp. ater,Shoreline,19,,,,,,Juncus balticus,Willd.
Juncaceae,Juncus bolanderi Engelm.,,Shoreline,1,,,,,,Juncus bolanderi,Engelm.
Juncaceae,Juncus breweri Engelm.,,Shoreline,2,,,,,,Juncus breweri,Engelm.
Juncaceae,Juncus bufonius L.,var. bufonius,Shoreline,23,,,,,,Juncus bufonius,L.
Juncaceae,Juncus effusus L.,"ssp. pacificus, ssp. effusus",Shoreline,13,,,,,,Juncus effusus,L.
Juncaceae,Juncus ensifolius Wikstr.,,Wetland,7,,,,,,Juncus ensifolius,Wikstr.
Juncaceae,Juncus gerardi Loisel.,ssp. gerardi,Shoreline,3,,,,,,Juncus gerardi,Loisel.
Juncaceae,Juncus hesperius (Piper) Lint,,Wetland,8,,,,,,Juncus hesperius,(Piper) Lint
Juncaceae,Juncus occidentalis (Coville) Wiegand,,Wetland,2,,,,,,Juncus occidentalis,(Coville) Wiegand
Juncaceae,Juncus tenuis Willd.,,Wetland,3,,,,,,Juncus tenuis,Willd.
Juncaceae,Luzula comosa E. Mey.,var. laxa,Open,24,,,,,,Luzula comosa,E. Mey.
Juncaceae,Luzula macrantha (S. Watson) Zika & B.L. Wilson,,Open,10,,,,,,Luzula macrantha,(S. Watson) Zika & B.L. Wilson
Juncaceae,Luzula multiflora (Ehrh.) Lej.,,Open,2,,,,,,Luzula multiflora,(Ehrh.) Lej.
Juncaceae,Luzula parviflora (Ehrh.) Desv.,,Forest,2,,,,,,Luzula parviflora,(Ehrh.) Desv.
Juncaceae,Luzula subsessilis (S. Watson) Buchenau,,Open,58,,,,,,Luzula subsessilis,(S. Watson) Buchenau
Juncaginaceae,Triglochin concinna J.B. Davy,,Wetland,1,,,,,,Triglochin concinna,J.B. Davy
Juncaginaceae,Triglochin maritima L.,,Wetland,10,,,,,,Triglochin maritima,L.
Lamiaceae,Ajuga reptans L.*,,Forest,4,,,,,,Ajuga reptans,L.*
Lamiaceae,Clinopodium douglasii (Benth.) Kuntze,,Forest,34,,,,,,Clinopodium douglasii,(Benth.) Kuntze
Lamiaceae,Glechoma hederacea L.*,,Forest,2,,,,,,Glechoma hederacea,L.*
Lamiaceae,Lamiastrum galeobdolon (L.) Ehrend. & Polatschek*,ssp. argentatum,Forest,3,,,,,,Lamiastrum galeobdolon,(L.) Ehrend. & Polatschek*
Lamiaceae,Lamium amplexicaule L.*,,Open,5,,,,,,Lamium amplexicaule,L.*
Lamiaceae,Lamium hybridum Vill.*,,Open,1,,,,,,Lamium hybridum,Vill.*
Lamiaceae,Lamium purpureum L.*,,Open,14,,,,,,Lamium purpureum,L.*
Lamiaceae,Lycopus americanus Muhl. ex W.P.C. Bartr.,,Wetland,1,,,,,,Lycopus americanus,Muhl. ex W.P.C. Bartr.
Lamiaceae,Lycopus europaeus L.*,,Wetland,2,,,,,,Lycopus europaeus,L.*
Lamiaceae,Lycopus uniflorus Michx.,,Wetland,5,,,,,,Lycopus uniflorus,Michx.
Lamiaceae,Marrubium vulgare L.*,,Open,7,,,,,,Marrubium vulgare,L.*
Lamiaceae,Melissa officinalis L.*,,Open,1,,,,,,Melissa officinalis,L.*
Lamiaceae,Mentha canadensis L.,,Wetland,5,,,,,,Mentha canadensis,L.
Lamiaceae,Mentha piperita L.*,,Open,1,,,,,,Mentha piperita,L.*
Lamiaceae,Mentha pulegium L.*,,Open,1,,,,,,Mentha pulegium,L.*
Lamiaceae,Mentha rotundifolia (L.) Huds.*,,Open,1,,,,,,Mentha rotundifolia,(L.) Huds.*
Lamiaceae,Nepeta cataria L.*,,Open,2,,,,,,Nepeta cataria,L.*
Lamiaceae,Prunella vulgaris L.,"var. lanceolata, var. vulgaris",Open,11,,,,,,Prunella vulgaris,L.
Lamiaceae,Satureja douglasii (Benth.) Kuntze,,Forest,36,,,,,,Satureja douglasii,(Benth.) Kuntze
Lamiaceae,Scutellaria galericulata L.,,Wetland,2,,,,,,Scutellaria galericulata,L.
Lamiaceae,Stachys cooleyae A. Heller,,Forest,5,,,,,,Stachys cooleyae,A. Heller
Lamiaceae,Stachys mexicana Benth.,,Forest,1,,,,,,Stachys mexicana,Benth.
Lamiaceae,Thymus pulegioides L.*,,Open,1,,,,,,Thymus pulegioides,L.*
Lentibulariaceae,Utricularia gibba L.,,Wetland,1,,,,,,Utricularia gibba,L.
Lentibulariaceae,Utricularia minor L.,,Wetland,1,,,,,,Utricularia minor,L.
Lentibulariaceae,Utricularia vulgaris L.,ssp. macrohiza,Wetland,4,,,,,,Utricularia vulgaris,L.
Liliaceae,Erythronium oregonum Applegate,ssp. oregonum,Forest,32,,,,,,Erythronium oregonum,Applegate
Liliaceae,Fritillaria affinis (Schult. & Schult. f.) Sealy,,Open,86,,,,,,Fritillaria affinis,(Schult. & Schult. f.) Sealy
Liliaceae,Lilium columbianum Leichtlin,,Forest,19,,,,,,Lilium columbianum,Leichtlin
Liliaceae,Prosartes hookeri Torr.,,Forest,1,,,,,,Prosartes hookeri,Torr.
Liliaceae,Tulipa sp. L.*,,Open,1,,,,,,Tulipa sp.,L.*
Linnaeaceae,Linnaea borealis L.,ssp. longiflora,Forest,9,,,,,,Linnaea borealis,L.
Lycopodiaceae,Lycopodium clavatum L.,,Wetland,2,,,,,,Lycopodium clavatum,L.
Lythraceae,Lythrum salicaria L.*,,Wetland,4,,,,,,Lythrum salicaria,L.*
Malvaceae,Alcea rosea L.*,,Open,1,,,,,,Alcea rosea,L.*
Malvaceae,Malva neglecta Wallr.*,,Open,1,,,,,,Malva neglecta,Wallr.*
Malvaceae,Malva sylvestris L.*,,Open,1,,,,,,Malva sylvestris,L.*
Malvaceae,Sidalcea hendersonii S. Watson,,Shoreline,2,,,,,,Sidalcea hendersonii,S. Watson
Melanthiaceae,Toxicoscordion venenosum (S. Watson) Rydb.,var. venenosum,Open,61,,,,,,Toxicoscordion venenosum,(S. Watson) Rydb.
Menyanthaceae,Menyanthes trifoliata L.,,Wetland,2,,,,,,Menyanthes trifoliata,L.
Montiaceae,Calandrinia ciliata (Ruiz & Pav.) DC.,,Shoreline,27,,,,,,Calandrinia ciliata,(Ruiz & Pav.) DC.
Montiaceae,Claytonia exigua Douglas ex Torr. & A. Gray,"ssp. exigua, ssp. glauca",Shoreline,30,,,,,,Claytonia exigua,Douglas ex Torr. & A. Gray
Montiaceae,Claytonia parviflora Douglas ex Hook.,,Open,21,,,,,,Claytonia parviflora,Douglas ex Hook.
Montiaceae,Claytonia perfoliata Donn ex Willd.,,Forest,91,,,,,,Claytonia perfoliata,Donn ex Willd.
Montiaceae,Claytonia rubra (Howell) Tidestr.,,Shoreline,75,,,,,,Claytonia rubra,(Howell) Tidestr.
Montiaceae,Claytonia sibirica L.,,Forest,7,,,,,,Claytonia sibirica,L.
Montiaceae,Montia dichotoma (Nutt.) Howell,,Open,2,,,,,,Montia dichotoma,(Nutt.) Howell
Montiaceae,Montia fontana L.,,Shoreline,16,,,,,,Montia fontana,L.
Montiaceae,Montia howellii S. Watson,,Shoreline,2,,,,,,Montia howellii,S. Watson
Montiaceae,Montia linearis (Douglas) Greene,,Open,6,,,,,,Montia linearis,(Douglas) Greene
Montiaceae,Montia parvifolia (Moc. ex DC.) Greene,,Open,21,,,,,,Montia parvifolia,(Moc. ex DC.) Greene
Nyctaginaceae,Abronia latifolia Eschsch.,,Shoreline,3,,,,,,Abronia latifolia,Eschsch.
Nymphaeaceae,Nuphar polysepala Engelm.,,Wetland,6,,,,,,Nuphar polysepala,Engelm.
Nymphaeaceae,Nymphaea odorata Aiton*,,Wetland,2,,,,,,Nymphaea odorata,Aiton*
Okay - possible,Solanum americanum Mill.,,Open,1,,,,,,Solanum americanum,Mill.
Oleaceae,Ligustrum vulgare L.*,,Forest,1,,,,,,Ligustrum vulgare,L.*
Onagraceae,Camissonia contorta (Douglas) Kearney,,Open,1,,,,,,Camissonia contorta,(Douglas) Kearney
Onagraceae,Chamaenerion angustifolium (L.) Scop.,,Open,26,,,,,,Chamaenerion angustifolium,(L.) Scop.
Onagraceae,Circaea alpina L.,ssp. pacifica,Forest,6,,,,,,Circaea alpina,L.
Onagraceae,Clarkia amoena (Lehm.) A. Nelson & J.F. Macbr.,,Open,11,,,,,,Clarkia amoena,(Lehm.) A. Nelson & J.F. Macbr.
Onagraceae,Clarkia gracilis (Piper) A. Nelson & J.F. Macbr.,ssp. gracilis,Open,2,,,,,,Clarkia gracilis,(Piper) A. Nelson & J.F. Macbr.
Onagraceae,Epilobium anagallidifolium Lam.,,Forest,1,,,,,,Epilobium anagallidifolium,Lam.
Onagraceae,Epilobium brachycarpum C. Presl,,Open,14,,,,,,Epilobium brachycarpum,C. Presl
Onagraceae,Epilobium ciliatum Raf.,,Open,27,,,,,,Epilobium ciliatum,Raf.
Onagraceae,Epilobium densiflorum (Lindl.) Hoch & P.H. Raven,,Wetland,2,,,,,,Epilobium densiflorum,(Lindl.) Hoch & P.H. Raven
Onagraceae,Epilobium glandulosum Lehm.,,Open,2,,,,,,Epilobium glandulosum,Lehm.
Onagraceae,Epilobium hirsutum L.*,,Open,2,,,,,,Epilobium hirsutum,L.*
Onagraceae,Epilobium lactiflorum Hausskn.,,Open,1,,,,,,Epilobium lactiflorum,Hausskn.
Onagraceae,Epilobium leptophyllum Raf.,,Wetland,2,,,,,,Epilobium leptophyllum,Raf.
Onagraceae,Epilobium minutum Lindl.,,Open,28,,,,,,Epilobium minutum,Lindl.
Onagraceae,Epilobium palustre L.,,Wetland,1,,,,,,Epilobium palustre,L.
Onagraceae,Epilobium torreyi (S. Watson) Hoch & P.H. Raven,,Wetland,1,,,,,,Epilobium torreyi,(S. Watson) Hoch & P.H. Raven
Onagraceae,Ludwigia palustris (L.) Elliott,,Wetland,3,,,,,,Ludwigia palustris,(L.) Elliott
Onagraceae,Oenothera glazioviana Micheli*,,Open,1,,,,,,Oenothera glazioviana,Micheli*
Ophioglossaceae,Botrypus virginianus (L.) Michx.,,Forest,1,,,,,,Botrypus virginianus,(L.) Michx.
Ophioglossaceae,Ophioglossum pusillum Raf.,,Forest,1,,,,,,Ophioglossum pusillum,Raf.
Ophioglossaceae,Sceptridium multifidum (Gmel.) Tagawa,,Forest,6,,,,,,Sceptridium multifidum,(Gmel.) Tagawa
Orchidaceae,Calypso bulbosa (L.) Oakes,var. occidentalis,Forest,19,,,,,,Calypso bulbosa,(L.) Oakes
Orchidaceae,Cephalanthera austiniae (A. Gray) A. Heller,,Forest,3,,,,,,Cephalanthera austiniae,(A. Gray) A. Heller
Orchidaceae,Corallorhiza maculata (Raf.) Raf.,"var. maculata, var. occidentalis",Forest,21,,,,,,Corallorhiza maculata,(Raf.) Raf.
Orchidaceae,Corallorhiza mertensiana Bong.,,Forest,3,,,,,,Corallorhiza mertensiana,Bong.
Orchidaceae,Corallorhiza striata Lindl.,var. striata,Forest,4,,,,,,Corallorhiza striata,Lindl.
Orchidaceae,Epipactis helleborine (L.) Crantz*,,Forest,12,,,,,,Epipactis helleborine,(L.) Crantz*
Orchidaceae,Goodyera oblongifolia Raf.,,Forest,29,,,,,,Goodyera oblongifolia,Raf.
Orchidaceae,Neottia banksiana (Lind.) Rchb. f.,,Forest,2,,,,,,Neottia banksiana,(Lind.) Rchb. f.
Orchidaceae,Neottia convallarioides (Sw.) Richardson,,Forest,1,,,,,,Neottia convallarioides,(Sw.) Richardson
Orchidaceae,Neottia cordata (L.) Richardson*,,Forest,7,,,,,,Neottia cordata,(L.) Richardson*
Orchidaceae,Platanthera dilatata (Pursh) Lindl. ex L.C. Beck,"var. albiflora, var. leucostachys",Forest,3,,,,,,Platanthera dilatata,(Pursh) Lindl. ex L.C. Beck
Orchidaceae,Platanthera elegans Lindl.,ssp. elegans,Open,43,,,,,,Platanthera elegans,Lindl.
Orchidaceae,Platanthera elongata (Rydb.) R.M. Bateman,,Forest,4,,,,,,Platanthera elongata,(Rydb.) R.M. Bateman
Orchidaceae,Platanthera orbiculata (Pursh) Lindl.,,Forest,2,,,,,,Platanthera orbiculata,(Pursh) Lindl.
Orchidaceae,Platanthera stricta Lindl.,,Forest,1,,,,,,Platanthera stricta,Lindl.
Orchidaceae,Platanthera transversa (Suksd.) R.M. Bateman,,Forest,6,,,,,,Platanthera transversa,(Suksd.) R.M. Bateman
Orchidaceae,Platanthera unalascensis (Spreng.) Kurtz,,Forest,10,,,,,,Platanthera unalascensis,(Spreng.) Kurtz
Orchidaceae,Spiranthes romanzoffiana Cham.,,Open,8,,,,,,Spiranthes romanzoffiana,Cham.
Orobanchaceae,Aphyllon californicum (Cham. & Schltdl.) A. Gray,ssp. californicum,Open,33,,,,,,Aphyllon californicum,(Cham. & Schltdl.) A. Gray
Orobanchaceae,Aphyllon purpureum (A. Heller) Holub,,Open,29,,,,,,Aphyllon purpureum,(A. Heller) Holub
Orobanchaceae,Bellardia viscosa (L.) Fisch. & C.A. Mey.*,,Open,3,,,,,,Bellardia viscosa,(L.) Fisch. & C.A. Mey.*
Orobanchaceae,Castilleja attenuata (A. Gray) T.I. Chuang & Heckard,,Open,10,,,,,,Castilleja attenuata,(A. Gray) T.I. Chuang & Heckard
Orobanchaceae,Castilleja hispida Benth.,var. hispida,Open,47,,,,,,Castilleja hispida,Benth.
Orobanchaceae,Castilleja levisecta Greenm.,,Open,2,,,,,,Castilleja levisecta,Greenm.
Orobanchaceae,Castilleja victoriae Fairbarns & J.M. Egger,,Open,1,,,,,,Castilleja victoriae,Fairbarns & J.M. Egger
Orobanchaceae,Euphrasia nemorosa (Pers.) Wallr.*,,Open,3,,,,,,Euphrasia nemorosa,(Pers.) Wallr.*
Orobanchaceae,Kopsiopsis hookeri (Walp.) Govaerts,,Forest,2,,,,,,Kopsiopsis hookeri,(Walp.) Govaerts
Orobanchaceae,Orthocarpus bracteosus Benth.,,Open,1,,,,,,Orthocarpus bracteosus,Benth.
Orobanchaceae,Rhinanthus minor L.,,Open,1,,,,,,Rhinanthus minor,L.
Orobanchaceae,Triphysaria pusilla (Benth.) T.I. Chuang & Heckard,,Open,35,,,,,,Triphysaria pusilla,(Benth.) T.I. Chuang & Heckard
Oxalidaceae,Oxalis corniculata L.*,,Open,1,,,,,,Oxalis corniculata,L.*
Papaveraceae,Corydalis lutea (L.) DC.*,,Forest,1,,,,,,Corydalis lutea,(L.) DC.*
Papaveraceae,Dicentra formosa (Haw.) Walp.,ssp. formosa,Forest,2,,,,,,Dicentra formosa,(Haw.) Walp.
Papaveraceae,Eschscholzia californica Cham.*,ssp. californica,Open,9,,,,,,Eschscholzia californica,Cham.*
Papaveraceae,Fumaria officinalis L.*,,Open,1,,,,,,Fumaria officinalis,L.*
Papaveraceae,Meconella oregana Nutt.,,Open,2,,,,,,Meconella oregana,Nutt.
Papaveraceae,Papaver rhoeas L.*,,Open,1,,,,,,Papaver rhoeas,L.*
Papaveraceae,Papaver somniferum L.*,,Open,2,,,,,,Papaver somniferum,L.*
Phrymaceae,Erythranthe alsinoides (Douglas ex Benth.) G.L. Nesom & N.S. Fraga,,Forest,26,,,,,,Erythranthe alsinoides,(Douglas ex Benth.) G.L. Nesom & N.S. Fraga
Phrymaceae,Erythranthe guttata (Fisch. ex DC.) G.L. Nesom,,Forest,21,,,,,,Erythranthe guttata,(Fisch. ex DC.) G.L. Nesom
Phrymaceae,Erythranthe microphylla (Benth.) G.L. Nesom,,Forest,6,,,,,,Erythranthe microphylla,(Benth.) G.L. Nesom
Phrymaceae,Erythranthe moschata (Douglas ex Lindl.) G.L. Nesom,,Forest,2,,,,,,Erythranthe moschata,(Douglas ex Lindl.) G.L. Nesom
Phrymaceae,Erythranthe nasuta (Greene) G.L. Nesom,,Forest,23,,,,,,Erythranthe nasuta,(Greene) G.L. Nesom
Phrymaceae,Erythranthe ptilota G.L. Nesom,,Forest,1,,,,,,Erythranthe ptilota,G.L. Nesom
Pinaceae,Abies grandis (Douglas ex D. Don) Lindl.,,Forest,34,,,,,,Abies grandis,(Douglas ex D. Don) Lindl.
Pinaceae,Picea sitchensis (Bong.) Carrière,,Forest,18,,,,,,Picea sitchensis,(Bong.) Carrière
Pinaceae,Pinus contorta Douglas ex Loudon,"var. contorta, var. latifolia",Forest,27,,,,,,Pinus contorta,Douglas ex Loudon
Pinaceae,Pinus monticola Douglas ex D. Don,,Forest,2,,,,,,Pinus monticola,Douglas ex D. Don
Pinaceae,Pseudotsuga menziesii (Mirb.) Franco,var. menziesii,Forest,75,,,,,,Pseudotsuga menziesii,(Mirb.) Franco
Pinaceae,Tsuga heterophylla (Raf.) Sarg.,,Forest,16,,,,,,Tsuga heterophylla,(Raf.) Sarg.
Plantaginaceae,Antirrhinum majus L.*,,Open,2,,,,,,Antirrhinum majus,L.*
Plantaginaceae,Callitriche heterophylla Pursh,var. bolanderi,Wetland,2,,,,,,Callitriche heterophylla,Pursh
Plantaginaceae,Callitriche palustris L.,,Wetland,2,,,,,,Callitriche palustris,L.
Plantaginaceae,Collinsia grandiflora Lindl.,,Open,25,,,,,,Collinsia grandiflora,Lindl.
Plantaginaceae,Collinsia parviflora Lindl.,,Open,84,,,,,,Collinsia parviflora,Lindl.
Plantaginaceae,"Cymbalaria muralis G. Gaertn., B. Mey. & Scherb.*",ssp. muralis,Open,2,,,,,,Cymbalaria muralis,"G. Gaertn., B. Mey. & Scherb.*"
Plantaginaceae,Digitalis purpurea L.*,var. purpurea,Open,12,,,,,,Digitalis purpurea,L.*
Plantaginaceae,Hippuris vulgaris L.,,Wetland,5,,,,,,Hippuris vulgaris,L.
Plantaginaceae,Linaria dalmatica (L.) Mill.*,ssp. dalmatica,Open,2,,,,,,Linaria dalmatica,(L.) Mill.*
Plantaginaceae,Linaria purpurea (L.) Mill.*,,Open,1,,,,,,Linaria purpurea,(L.) Mill.*
Plantaginaceae,Linaria vulgaris Mill.*,,Open,1,,,,,,Linaria vulgaris,Mill.*
Plantaginaceae,Nuttallanthus texanus (Scheele) D.A. Sutton,,Open,1,,,,,,Nuttallanthus texanus,(Scheele) D.A. Sutton
Plantaginaceae,Plantago elongata Pursh,,Shoreline,29,,,,,,Plantago elongata,Pursh
Plantaginaceae,Plantago lanceolata L.*,,Open,73,,,,,,Plantago lanceolata,L.*
Plantaginaceae,Plantago major L.*,,Open,11,,,,,,Plantago major,L.*
Plantaginaceae,Plantago maritima L.,,Shoreline,107,,,,,,Plantago maritima,L.
Plantaginaceae,Veronica americana Schwein. ex Benth.,,Wetland,7,,,,,,Veronica americana,Schwein. ex Benth.
Plantaginaceae,Veronica arvensis L.*,,Open,66,,,,,,Veronica arvensis,L.*
Plantaginaceae,Veronica chamaedrys L.*,,Open,1,,,,,,Veronica chamaedrys,L.*
Plantaginaceae,Veronica filiformis Sm.*,,Open,1,,,,,,Veronica filiformis,Sm.*
Plantaginaceae,Veronica officinalis L.*,,Open,5,,,,,,Veronica officinalis,L.*
Plantaginaceae,Veronica peregrina L.,var. xalapensis,Wetland,5,,,,,,Veronica peregrina,L.
Plantaginaceae,Veronica persica Poir.*,,Open,1,,,,,,Veronica persica,Poir.*
Plantaginaceae,Veronica scutellata L.,,Wetland,4,,,,,,Veronica scutellata,L.
Plantaginaceae,Veronica serpyllifolia L.,"var. humifusa, var. serpyllifolia",Wetland,11,,,,,,Veronica serpyllifolia,L.
Plumbaginaceae,Armeria maritima (Mill.) Willd.,ssp. californica,Shoreline,42,,,,,,Armeria maritima,(Mill.) Willd.
Poaceae,Achnatherum lemmonii (Vasey) Barkworth,ssp. lemmonii,Open,6,,,,,,Achnatherum lemmonii,(Vasey) Barkworth
Poaceae,Achnatherum nelsonii (Scribn.) Barkworth,ssp. dorei,Open,2,,,,,,Achnatherum nelsonii,(Scribn.) Barkworth
Poaceae,Agrostis capillaris L.*,,Open,9,,,,,,Agrostis capillaris,L.*
Poaceae,Agrostis exarata Trin.,,Shoreline,28,,,,,,Agrostis exarata,Trin.
Poaceae,Agrostis gigantea Roth*,,Open,6,,,,,,Agrostis gigantea,Roth*
Poaceae,Agrostis microphylla Steud.,,Wetland,1,,,,,,Agrostis microphylla,Steud.
Poaceae,Agrostis pallens Trin.,,Open,6,,,,,,Agrostis pallens,Trin.
Poaceae,Agrostis scabra Willd.,,Open,4,,,,,,Agrostis scabra,Willd.
Poaceae,Agrostis stolonifera L.*,,Open,18,,,,,,Agrostis stolonifera,L.*
Poaceae,Aira caryophyllea L.*,var. caryophyllea,Open,106,,,,,,Aira caryophyllea,L.*
Poaceae,Aira praecox L.*,,Open,123,,,,,,Aira praecox,L.*
Poaceae,Alopecurus aequalis Sobol.,var. aequalis,Wetland,4,,,,,,Alopecurus aequalis,Sobol.
Poaceae,Alopecurus geniculatus L.,,Wetland,4,,,,,,Alopecurus geniculatus,L.
Poaceae,Alopecurus pratensis L.*,,Open,5,,,,,,Alopecurus pratensis,L.*
Poaceae,Anthoxanthum odoratum L.*,,Open,25,,,,,,Anthoxanthum odoratum,L.*
Poaceae,Arrhenatherum elatius (L.) P. Beauv. ex J. Presl & C. Presl*,"var. bulbosum, var. elatius",Open,4,,,,,,Arrhenatherum elatius,(L.) P. Beauv. ex J. Presl & C. Presl*
Poaceae,Avena barbata Pott ex Link*,,Open,4,,,,,,Avena barbata,Pott ex Link*
Poaceae,Avena fatua L.*,,Open,2,,,,,,Avena fatua,L.*
Poaceae,Avena sativa L.*,,Open,1,,,,,,Avena sativa,L.*
Poaceae,Bromus commutatus Schrad.*,,Open,4,,,,,,Bromus commutatus,Schrad.*
Poaceae,Bromus diandrus Roth*,,Open,106,,,,,,Bromus diandrus,Roth*
Poaceae,Bromus hordeaceus L.*,,Open,124,,,,,,Bromus hordeaceus,L.*
Poaceae,Bromus pacificus Shear,,Forest,30,,,,,,Bromus pacificus,Shear
Poaceae,Bromus sitchensis Trin.,"var. carinatus, var. marginatus, var. sitchensis",Forest,104,,,,,,Bromus sitchensis,Trin.
Poaceae,Bromus sterilis L.*,,Open,77,,,,,,Bromus sterilis,L.*
Poaceae,Bromus tectorum L.*,,Open,60,,,,,,Bromus tectorum,L.*
Poaceae,Bromus vulgaris (Hook.) Shear,,Forest,16,,,,,,Bromus vulgaris,(Hook.) Shear
Poaceae,Calamagrostis canadensis (Michx.) P. Beauv.,,Wetland,1,,,,,,Calamagrostis canadensis,(Michx.) P. Beauv.
Poaceae,Calamagrostis stricta (Timm) Koeler,ssp. inexpansa,Wetland,1,,,,,,Calamagrostis stricta,(Timm) Koeler
Poaceae,Cynosurus cristatus L.*,,Open,6,,,,,,Cynosurus cristatus,L.*
Poaceae,Cynosurus echinatus L.*,,Open,26,,,,,,Cynosurus echinatus,L.*
Poaceae,Dactylis glomerata L.*,,Open,72,,,,,,Dactylis glomerata,L.*
Poaceae,Danthonia californica Bol.,,Open,13,,,,,,Danthonia californica,Bol.
Poaceae,Danthonia spicata (L.) P. Beauv. ex Roem. & Schult.,,Open,1,,,,,,Danthonia spicata,(L.) P. Beauv. ex Roem. & Schult.
Poaceae,Deschampsia caespitosa (L.) P. Beauv.,,Wetland,4,,,,,,Deschampsia caespitosa,(L.) P. Beauv.
Poaceae,Deschampsia danthonioides (Trin.) Munro,,Wetland,1,,,,,,Deschampsia danthonioides,(Trin.) Munro
Poaceae,Deschampsia elongata (Hook.) Munro,,Wetland,3,,,,,,Deschampsia elongata,(Hook.) Munro
Poaceae,Distichlis spicata (L.) Greene,,Shoreline,68,,,,,,Distichlis spicata,(L.) Greene
Poaceae,Elymus elymoides (Raf.) Swezey,ssp. brevifolius,Open,1,,,,,,Elymus elymoides,(Raf.) Swezey
Poaceae,Elymus glaucus Buckley,ssp. glaucus,Open,90,,,,,,Elymus glaucus,Buckley
Poaceae,Elymus repens (L.) Gould*,,Open,12,,,,,,Elymus repens,(L.) Gould*
Poaceae,Elymus trachycaulus (Link) Gould ex Shinners,ssp. trachycaulus,Open,13,,,,,,Elymus trachycaulus,(Link) Gould ex Shinners
Poaceae,Festuca occidentalis Hook.,,Forest,38,,,,,,Festuca occidentalis,Hook.
Poaceae,Festuca roemeri (Pavlick) E.B. Alexeev,var. roemeri,Open,14,,,,,,Festuca roemeri,(Pavlick) E.B. Alexeev
Poaceae,Festuca rubra L.,,Open,141,,,,,,Festuca rubra,L.
Poaceae,Festuca subulata Trin.,,Forest,4,,,,,,Festuca subulata,Trin.
Poaceae,Festuca subuliflora Scribn.,,Forest,7,,,,,,Festuca subuliflora,Scribn.
Poaceae,Festuca trachyphylla (Hack.) Krajina*,,Open,1,,,,,,Festuca trachyphylla,(Hack.) Krajina*
Poaceae,Glyceria borealis (Nash) Batch.,,Wetland,3,,,,,,Glyceria borealis,(Nash) Batch.
Poaceae,Glyceria elata (Nash) M.E. Jones,,Wetland,2,,,,,,Glyceria elata,(Nash) M.E. Jones
Poaceae,Glyceria occidentalis (Piper) J.C. Nelson,,Wetland,1,,,,,,Glyceria occidentalis,(Piper) J.C. Nelson
Poaceae,Holcus lanatus L.*,,Open,78,,,,,,Holcus lanatus,L.*
Poaceae,Holcus mollis L.*,ssp. mollis,Open,1,,,,,,Holcus mollis,L.*
Poaceae,Hordeum brachyantherum Nevski,,Shoreline,43,,,,,,Hordeum brachyantherum,Nevski
Poaceae,Hordeum depressum (Scribn. & J.G. Sm.) Rydb.,,Shoreline,6,,,,,,Hordeum depressum,(Scribn. & J.G. Sm.) Rydb.
Poaceae,Hordeum jubatum L.,ssp. Intermedium,Shoreline,4,,,,,,Hordeum jubatum,L.
Poaceae,Hordeum marinum Huds.*,ssp. gussoneanum,Shoreline,1,,,,,,Hordeum marinum,Huds.*
Poaceae,Hordeum murinum L.*,"ssp. glaucum, ssp. leporinum, ssp. murinum",Shoreline,66,,,,,,Hordeum murinum,L.*
Poaceae,Koeleria macrantha (Ledeb.) Schult.,,Open,61,,,,,,Koeleria macrantha,(Ledeb.) Schult.
Poaceae,Leersia oryzoides (L.) Sw.,,Wetland,1,,,,,,Leersia oryzoides,(L.) Sw.
Poaceae,Leymus mollis (Trin.) Pilg.,ssp. mollis,Shoreline,66,,,,,,Leymus mollis,(Trin.) Pilg.
Poaceae,Leymus vancouverensis (Vasey) Pilg.,,Shoreline,1,,,,,,Leymus vancouverensis,(Vasey) Pilg.
Poaceae,Lolium multiflorum Lam.*,,Open,3,,,,,,Lolium multiflorum,Lam.*
Poaceae,Lolium perenne L.*,,Open,19,,,,,,Lolium perenne,L.*
Poaceae,Melica subulata (Griseb.) Scribn.,,Forest,38,,,,,,Melica subulata,(Griseb.) Scribn.
Poaceae,Panicum miliaceum L.*,ssp. millaceum,Open,1,,,,,,Panicum miliaceum,L.*
Poaceae,Phalaris arundinacea L.*,,Open,10,,,,,,Phalaris arundinacea,L.*
Poaceae,Phleum pratense L.*,,Open,6,,,,,,Phleum pratense,L.*
Poaceae,Poa annua L.*,,Open,98,,,,,,Poa annua,L.*
Poaceae,Poa bulbosa L.*,ssp. vivipara,Open,26,,,,,,Poa bulbosa,L.*
Poaceae,Poa compressa L.*,,Open,43,,,,,,Poa compressa,L.*
Poaceae,Poa confinis Vasey,,Shoreline,12,,,,,,Poa confinis,Vasey
Poaceae,Poa howellii Vasey & Scribn.,,Forest,2,,,,,,Poa howellii,Vasey & Scribn.
Poaceae,Poa infirma Kunth*,,Shoreline,1,,,,,,Poa infirma,Kunth*
Poaceae,Poa palustris L.*,,Open,3,,,,,,Poa palustris,L.*
Poaceae,Poa pratensis L.*,,Open,80,,,,,,Poa pratensis,L.*
Poaceae,Poa secunda J. Presl,ssp. secunda,Open,5,,,,,,Poa secunda,J. Presl
Poaceae,Poa trivialis L.*,,Open,5,,,,,,Poa trivialis,L.*
Poaceae,Polypogon monspeliensis (L.) Desf.*,,Shoreline,10,,,,,,Polypogon monspeliensis,(L.) Desf.*
Poaceae,Puccinellia nutkaensis (J. Presl) Fernald & Weath.,,Shoreline,91,,,,,,Puccinellia nutkaensis,(J. Presl) Fernald & Weath.
Poaceae,Puccinellia nuttalliana (Schult.) Hitchc.,,Shoreline,5,,,,,,Puccinellia nuttalliana,(Schult.) Hitchc.
Poaceae,Puccinellia pumila (Vasey) Hitchc.,,Shoreline,1,,,,,,Puccinellia pumila,(Vasey) Hitchc.
Poaceae,Schedonorus arundinaceus (Schreb.) Dumort.*,,Open,30,,,,,,Schedonorus arundinaceus,(Schreb.) Dumort.*
Poaceae,Schedonorus pratensis (Huds.) P. Beauv.*,,Open,2,,,,,,Schedonorus pratensis,(Huds.) P. Beauv.*
Poaceae,Secale cereale L.*,,Open,1,,,,,,Secale cereale,L.*
Poaceae,Setaria pumila (Poir.) Roem. & Schult.*,,Open,1,,,,,,Setaria pumila,(Poir.) Roem. & Schult.*
Poaceae,Thinopyrum ponticum (Podp.) Barkworth & D.R. Dewey*,,Open,1,,,,,,Thinopyrum ponticum,(Podp.) Barkworth & D.R. Dewey*
Poaceae,Torreyochloa pallida (Torr.) G.L. Church,var. pauciflora,Wetland,8,,,,,,Torreyochloa pallida,(Torr.) G.L. Church
Poaceae,Trisetum canescens Buckley,,Forest,17,,,,,,Trisetum canescens,Buckley
Poaceae,Trisetum cernuum Trin.,,Forest,10,,,,,,Trisetum cernuum,Trin.
Poaceae,Vulpia bromoides (L.) Gray*,,Open,107,,,,,,Vulpia bromoides,(L.) Gray*
Poaceae,Vulpia microstachys (Nutt.) Munro,var. pauciflora,Forest,10,,,,,,Vulpia microstachys,(Nutt.) Munro
Poaceae,Vulpia myuros (L.) C.C. Gmel.*,,Open,88,,,,,,Vulpia myuros,(L.) C.C. Gmel.*
Polemoniaceae,Collomia grandiflora Douglas ex Lindl.,,Open,1,,,,,,Collomia grandiflora,Douglas ex Lindl.
Polemoniaceae,Collomia heterophylla Douglas ex Hook.,,Forest,5,,,,,,Collomia heterophylla,Douglas ex Hook.
Polemoniaceae,Collomia linearis Nutt.,,Open,1,,,,,,Collomia linearis,Nutt.
Polemoniaceae,Gilia capitata Sims,,Open,1,,,,,,Gilia capitata,Sims
Polemoniaceae,Leptosiphon bicolor Nutt.,,Open,3,,,,,,Leptosiphon bicolor,Nutt.
Polemoniaceae,Leptosiphon minimus (H. Mason) Battaglia,,Open,6,,,,,,Leptosiphon minimus,(H. Mason) Battaglia
Polemoniaceae,Microsteris gracilis (Hook.) Greene,,Open,1,,,,,,Microsteris gracilis,(Hook.) Greene
Polemoniaceae,Navarretia intertexta (Benth.) Hook.,,Open,3,,,,,,Navarretia intertexta,(Benth.) Hook.
Polemoniaceae,Navarretia squarrosa (Eschsch.) Hook. & Arn.,,Open,3,,,,,,Navarretia squarrosa,(Eschsch.) Hook. & Arn.
Polemoniaceae,Polemonium pulcherrimum Hook.,var. pulcherrimum,Open,2,,,,,,Polemonium pulcherrimum,Hook.
Polygonaceae,Fallopia bohemica (Chrtek & Chrtková) J.P. Bailey*,,Open,3,,,,,,Fallopia bohemica,(Chrtek & Chrtková) J.P. Bailey*
Polygonaceae,Fallopia convolvulus (L.) Á. Löve*,,Open,2,,,,,,Fallopia convolvulus,(L.) Á. Löve*
Polygonaceae,Fallopia japonica (Houtt.) Ronse Decr.*,,Open,2,,,,,,Fallopia japonica,(Houtt.) Ronse Decr.*
Polygonaceae,Persicaria amphibia (L.) Gray,,Wetland,5,,,,,,Persicaria amphibia,(L.) Gray
Polygonaceae,Persicaria hydropiper (L.) Spach*,,Wetland,1,,,,,,Persicaria hydropiper,(L.) Spach*
Polygonaceae,Persicaria maculosa Gray*,,Open,2,,,,,,Persicaria maculosa,Gray*
Polygonaceae,Polygonum aviculare L.*,"ssp. aviculare, ssp.buxiforme, ssp. depressum",Shoreline,56,,,,,,Polygonum aviculare,L.*
Polygonaceae,Polygonum douglasii Greene,,Shoreline,4,,,,,,Polygonum douglasii,Greene
Polygonaceae,Polygonum erectum L.,,Shoreline,1,,,,,,Polygonum erectum,L.
Polygonaceae,Polygonum fowleri B.L. Rob.,ssp. fowleri,Shoreline,6,,,,,,Polygonum fowleri,B.L. Rob.
Polygonaceae,Polygonum minimum S. Watson,,Open,1,,,,,,Polygonum minimum,S. Watson
Polygonaceae,Polygonum nuttallii Small,,Open,2,,,,,,Polygonum nuttallii,Small
Polygonaceae,Polygonum paronychia Cham. & Schltdl.,,Shoreline,1,,,,,,Polygonum paronychia,Cham. & Schltdl.
Polygonaceae,Polygonum spergulariiforme Meisn. ex Small,,Shoreline,68,,,,,,Polygonum spergulariiforme,Meisn. ex Small
Polygonaceae,Rumex acetosella L.*,,Open,78,,,,,,Rumex acetosella,L.*
Polygonaceae,Rumex conglomeratus Murray*,,Shoreline,6,,,,,,Rumex conglomeratus,Murray*
Polygonaceae,Rumex crispus L.*,,Shoreline,28,,,,,,Rumex crispus,L.*
Polygonaceae,Rumex maritimus L.,ssp. fueginus,Shoreline,3,,,,,,Rumex maritimus,L.
Polygonaceae,Rumex obtusifolius L.*,,Shoreline,5,,,,,,Rumex obtusifolius,L.*
Polygonaceae,Rumex occidentalis S. Watson,var. occidentalis,Shoreline,11,,,,,,Rumex occidentalis,S. Watson
Polygonaceae,Rumex salicifolius Weinm.,"var. transitorius, var. triangulivalvis",Shoreline,22,,,,,,Rumex salicifolius,Weinm.
Polypodiaceae,Polypodium amorphum Suksd.,,Forest,3,,,,,,Polypodium amorphum,Suksd.
Polypodiaceae,Polypodium glycyrrhiza D.C. Eaton,,Open,86,,,,,,Polypodium glycyrrhiza,D.C. Eaton
Potamogetonaceae,Potamogeton amplifolius Tuck.,,Wetland,2,,,,,,Potamogeton amplifolius,Tuck.
Potamogetonaceae,Potamogeton berchtoldii Fieber,,Wetland,1,,,,,,Potamogeton berchtoldii,Fieber
Potamogetonaceae,Potamogeton crispus L.*,,Wetland,1,,,,,,Potamogeton crispus,L.*
Potamogetonaceae,Potamogeton epihydrus Raf.,,Wetland,2,,,,,,Potamogeton epihydrus,Raf.
Potamogetonaceae,Potamogeton foliosus Raf.,,Wetland,3,,,,,,Potamogeton foliosus,Raf.
Potamogetonaceae,Potamogeton friesii Rupr.,,Wetland,2,,,,,,Potamogeton friesii,Rupr.
Potamogetonaceae,Potamogeton gramineus L.,,Wetland,3,,,,,,Potamogeton gramineus,L.
Potamogetonaceae,Potamogeton illinoensis Morong,,Wetland,1,,,,,,Potamogeton illinoensis,Morong
Potamogetonaceae,Potamogeton natans L.,,Wetland,4,,,,,,Potamogeton natans,L.
Potamogetonaceae,Potamogeton obtusifolius Mertens & W.D.J. Koch,,Wetland,2,,,,,,Potamogeton obtusifolius,Mertens & W.D.J. Koch
Potamogetonaceae,Potamogeton praelongus Wulfen,,Wetland,4,,,,,,Potamogeton praelongus,Wulfen
Potamogetonaceae,Potamogeton pusillus L.,,Wetland,1,,,,,,Potamogeton pusillus,L.
Potamogetonaceae,Potamogeton richardsonii (A. Benn.) Rydb.,,Wetland,2,,,,,,Potamogeton richardsonii,(A. Benn.) Rydb.
Potamogetonaceae,Potamogeton robbinsii Oakes,,Wetland,2,,,,,,Potamogeton robbinsii,Oakes
Potamogetonaceae,Potamogeton zosteriformis Fernald,,Wetland,4,,,,,,Potamogeton zosteriformis,Fernald
Potamogetonaceae,Stuckenia pectinata (L.) Borner,,Wetland,2,,,,,,Stuckenia pectinata,(L.) Borner
Primulaceae,Cyclamen hederifolium Aiton*,,Forest,1,,,,,,Cyclamen hederifolium,Aiton*
Primulaceae,Dodecatheon hendersonii A. Gray,,Open,3,,,,,,Dodecatheon hendersonii,A. Gray
Primulaceae,Dodecatheon pulchellum (Raf.) Merr.,var. pulchellum,Open,18,,,,,,Dodecatheon pulchellum,(Raf.) Merr.
Primulaceae,Lysimachia arvensis (L.) U. Manns & Anderb.*,,Open,6,,,,,,Lysimachia arvensis,(L.) U. Manns & Anderb.*
Primulaceae,Lysimachia europaea (L.) U. Manns & Anderb.,,Forest,4,,,,,,Lysimachia europaea,(L.) U. Manns & Anderb.
Primulaceae,Lysimachia latifolia (Hook.) Cholewa,,Forest,36,,,,,,Lysimachia latifolia,(Hook.) Cholewa
Primulaceae,"Lysimachia maritima (L.) Galasso, Banfi & Soldano",,Forest,2,,,,,,Lysimachia maritima,"(L.) Galasso, Banfi & Soldano"
Primulaceae,Lysimachia nummularia L.*,,Forest,1,,,,,,Lysimachia nummularia,L.*
Primulaceae,Lysimachia thyrsiflora L.,,Forest,2,,,,,,Lysimachia thyrsiflora,L.
Pteridaceae,Adiantum aleuticum (Rupr.) Paris,var. aleuticum,Forest,5,,,,,,Adiantum aleuticum,(Rupr.) Paris
Pteridaceae,Aspidotis densa (Brack.) Lellinger,,Open,7,,,,,,Aspidotis densa,(Brack.) Lellinger
Pteridaceae,Cryptogramma acrostichoides R. Br.,,Forest,4,,,,,,Cryptogramma acrostichoides,R. Br.
Pteridaceae,"Pentagramma triangularis (Kaulf.) Yatsk., Windham & E. Wollenw.",,Forest,17,,,,,,Pentagramma triangularis,"(Kaulf.) Yatsk., Windham & E. Wollenw."
Ranunculaceae,Anemone lyallii Britton,,Open,2,,,,,,Anemone lyallii,Britton
Ranunculaceae,Aquilegia formosa Fisch. ex DC.,var. formosa,Open,7,,,,,,Aquilegia formosa,Fisch. ex DC.
Ranunculaceae,Aquilegia vulgaris L.*,,Open,3,,,,,,Aquilegia vulgaris,L.*
Ranunculaceae,Clematis vitalba L.*,,Open,4,,,,,,Clematis vitalba,L.*
Ranunculaceae,Delphinium consolida L.*,,Open,1,,,,,,Delphinium consolida,L.*
Ranunculaceae,Delphinium menziesii DC.,,Open,12,,,,,,Delphinium menziesii,DC.
Ranunculaceae,Ficaria verna Huds.*,,Open,2,,,,,,Ficaria verna,Huds.*
Ranunculaceae,Halerpestes cymbalaria (Pursh) Greene,,Shoreline,2,,,,,,Halerpestes cymbalaria,(Pursh) Greene
Ranunculaceae,Helleborus foetidus L.*,,Forest,2,,,,,,Helleborus foetidus,L.*
Ranunculaceae,Myosurus minimus L.,,Open,28,,,,,,Myosurus minimus,L.
Ranunculaceae,Ranunculus acris L.*,,Open,4,,,,,,Ranunculus acris,L.*
Ranunculaceae,Ranunculus aquatilis L.,var. diffusus,Wetland,2,,,,,,Ranunculus aquatilis,L.
Ranunculaceae,Ranunculus californicus Benth.,,Open,10,,,,,,Ranunculus californicus,Benth.
Ranunculaceae,Ranunculus californicus x R. occidentalis ,,Open,8,,,,,,Ranunculus californicus,x R. occidentalis 
Ranunculaceae,Ranunculus flammula L.,"var. ovalis, var. reptans",Wetland,3,,,,,,Ranunculus flammula,L.
Ranunculaceae,Ranunculus macounii Britton,,Wetland,2,,,,,,Ranunculus macounii,Britton
Ranunculaceae,Ranunculus occidentalis Nutt.,var. occidentalis,Open,52,,,,,,Ranunculus occidentalis,Nutt.
Ranunculaceae,Ranunculus repens L.*,,Open,8,,,,,,Ranunculus repens,L.*
Ranunculaceae,Ranunculus sardous Crantz*,,Open,1,,,,,,Ranunculus sardous,Crantz*
Ranunculaceae,Ranunculus sceleratus L.,var. multifidus,Wetland,2,,,,,,Ranunculus sceleratus,L.
Ranunculaceae,Ranunculus uncinatus D. Don,,Forest,12,,,,,,Ranunculus uncinatus,D. Don
Rhamnaceae,Frangula purshiana (DC.) A. Gray ex J.G. Cooper,,Forest,3,,,,,,Frangula purshiana,(DC.) A. Gray ex J.G. Cooper
Rosaceae,Amelanchier alnifolia (Nutt.) Nutt. ex M. Roem.,,Forest,77,,,,,,Amelanchier alnifolia,(Nutt.) Nutt. ex M. Roem.
Rosaceae,Aphanes arvensis L.*,,Open,22,,,,,,Aphanes arvensis,L.*
Rosaceae,Aphanes australis Rydb.*,,Open,40,,,,,,Aphanes australis,Rydb.*
Rosaceae,Aphanes occidentalis (Nutt.) Rydb.,,Open,42,,,,,,Aphanes occidentalis,(Nutt.) Rydb.
Rosaceae,Comarum palustre L.,,Wetland,3,,,,,,Comarum palustre,L.
Rosaceae,Cotoneaster dielsianus E. Pritz. ex Diels*,,Open,4,,,,,,Cotoneaster dielsianus,E. Pritz. ex Diels*
Rosaceae,Cotoneaster franchetii Bois*,,Open,3,,,,,,Cotoneaster franchetii,Bois*
Rosaceae,Cotoneaster horizontalis Decne.*,,Open,6,,,,,,Cotoneaster horizontalis,Decne.*
Rosaceae,Cotoneaster lacteus W.W. Sm.*,,Open,1,,,,,,Cotoneaster lacteus,W.W. Sm.*
Rosaceae,Cotoneaster rehderi Pojark.*,,Open,1,,,,,,Cotoneaster rehderi,Pojark.*
Rosaceae,Cotoneaster simonsii Baker*,,Open,3,,,,,,Cotoneaster simonsii,Baker*
Rosaceae,Crataegus douglasii Lindl.,,Forest,4,,,,,,Crataegus douglasii,Lindl.
Rosaceae,Crataegus gaylussacia A. Heller,,Forest,2,,,,,,Crataegus gaylussacia,A. Heller
Rosaceae,Crataegus monogyna Jacq.*,var. monogyna,Open,20,,,,,,Crataegus monogyna,Jacq.*
Rosaceae,Drymocallis glandulosa (Lindl.) Rydb.,ssp. glandulosa,Open,1,,,,,,Drymocallis glandulosa,(Lindl.) Rydb.
Rosaceae,Fragaria chiloensis (L.) Mill.,,Shoreline,6,,,,,,Fragaria chiloensis,(L.) Mill.
Rosaceae,Fragaria vesca L.,ssp. californica,Forest,31,,,,,,Fragaria vesca,L.
Rosaceae,Fragaria virginiana Mill.,ssp. glauca,Open,35,,,,,,Fragaria virginiana,Mill.
Rosaceae,Geum macrophyllum Willd.,,Forest,13,,,,,,Geum macrophyllum,Willd.
Rosaceae,Holodiscus discolor (Pursh) Maxim.,var. discolor,Forest,76,,,,,,Holodiscus discolor,(Pursh) Maxim.
Rosaceae,Malus domestica (Suckow) Borkh.*,,Open,17,,,,,,Malus domestica,(Suckow) Borkh.*
Rosaceae,Malus fusca (Raf.) C.K. Schneid.,,Forest,42,,,,,,Malus fusca,(Raf.) C.K. Schneid.
Rosaceae,Malus xdawsoniana Rehder.*,,Open,1,,,,,,Malus xdawsoniana,Rehder.*
Rosaceae,Oemleria cerasiformis (Torr. & A. Gray ex Hook. & Arn.) J.W. Landon,,Forest,7,,,,,,Oemleria cerasiformis,(Torr. & A. Gray ex Hook. & Arn.) J.W. Landon
Rosaceae,Physocarpus capitatus (Pursh) Kuntze,,Forest,3,,,,,,Physocarpus capitatus,(Pursh) Kuntze
Rosaceae,Potentilla anserina L.,"ssp. anserina, ssp. pacifica",Wetland,24,,,,,,Potentilla anserina,L.
Rosaceae,Potentilla argentea L.,,Open,1,,,,,,Potentilla argentea,L.
Rosaceae,Potentilla gracilis Douglas ex Hook.,,Open,1,,,,,,Potentilla gracilis,Douglas ex Hook.
Rosaceae,Potentilla recta L.*,,Open,2,,,,,,Potentilla recta,L.*
Rosaceae,Poterium sanguisorba L.*,var. polygamum,Open,1,,,,,,Poterium sanguisorba,L.*
Rosaceae,Prunus avium (L.) L.*,,Open,10,,,,,,Prunus avium,(L.) L.*
Rosaceae,Prunus cerasifera Ehrh.*,,Open,7,,,,,,Prunus cerasifera,Ehrh.*
Rosaceae,Prunus cerasus L.*,,Open,3,,,,,,Prunus cerasus,L.*
Rosaceae,Prunus domestica L.*,,Open,6,,,,,,Prunus domestica,L.*
Rosaceae,Prunus emarginata (Douglas) Eaton,,Forest,39,,,,,,Prunus emarginata,(Douglas) Eaton
Rosaceae,Prunus laurocerasus L.*,,Open,2,,,,,,Prunus laurocerasus,L.*
Rosaceae,Prunus lusitanica L.*,,Open,1,,,,,,Prunus lusitanica,L.*
Rosaceae,Prunus mahaleb L.*,,Open,6,,,,,,Prunus mahaleb,L.*
Rosaceae,Prunus pugetensis Jacobson & Zika*,,Open,1,,,,,,Prunus pugetensis,Jacobson & Zika*
Rosaceae,Prunus virginiana L.,,Forest,10,,,,,,Prunus virginiana,L.
Rosaceae,Pyracantha coccinea M. Roem.*,,Open,2,,,,,,Pyracantha coccinea,M. Roem.*
Rosaceae,Pyrus communis L.*,,Open,9,,,,,,Pyrus communis,L.*
Rosaceae,Pyrus nivalis Jacq.*,,Open,1,,,,,,Pyrus nivalis,Jacq.*
Rosaceae,Rosa canina L.*,,Open,2,,,,,,Rosa canina,L.*
Rosaceae,Rosa gymnocarpa Nutt.,ssp. gymnocarpa,Forest,38,,,,,,Rosa gymnocarpa,Nutt.
Rosaceae,Rosa nutkana C. Presl,ssp. nutkana,Open,106,,,,,,Rosa nutkana,C. Presl
Rosaceae,Rosa pisocarpa A. Gray,var. pisocarpa,Forest,2,,,,,,Rosa pisocarpa,A. Gray
Rosaceae,Rosa rubiginosa L.*,,Open,7,,,,,,Rosa rubiginosa,L.*
Rosaceae,Rosa rugosa Thunb.*,,Open,2,,,,,,Rosa rugosa,Thunb.*
Rosaceae,Rubus bifrons Vest*,,Open,41,,,,,,Rubus bifrons,Vest*
Rosaceae,Rubus laciniatus Willd.*,,Open,14,,,,,,Rubus laciniatus,Willd.*
Rosaceae,Rubus leucodermis Douglas ex Torr. & A. Gray,,Forest,13,,,,,,Rubus leucodermis,Douglas ex Torr. & A. Gray
Rosaceae,Rubus nutkanus Moc. ex Ser.,,Forest,19,,,,,,Rubus nutkanus,Moc. ex Ser.
Rosaceae,Rubus spectabilis Pursh,,Forest,20,,,,,,Rubus spectabilis,Pursh
Rosaceae,Rubus ursinus Cham. & Schltdl.,,Open,82,,,,,,Rubus ursinus,Cham. & Schltdl.
Rosaceae,Sorbaria kirilowii (Regel) Maxim.*,,Forest,1,,,,,,Sorbaria kirilowii,(Regel) Maxim.*
Rosaceae,Sorbus aucuparia L.*,,Open,9,,,,,,Sorbus aucuparia,L.*
Rosaceae,Sorbus hybrida L.*,,Open,1,,,,,,Sorbus hybrida,L.*
Rosaceae,Sorbus intermedia (Ehrh.) Pers.*,,Open,7,,,,,,Sorbus intermedia,(Ehrh.) Pers.*
Rosaceae,Spiraea douglasii Hook.,,Wetland,8,,,,,,Spiraea douglasii,Hook.
Rubiaceae,Galium aparine L.,,Forest,95,,,,,,Galium aparine,L.
Rubiaceae,Galium boreale L.,,Forest,2,,,,,,Galium boreale,L.
Rubiaceae,Galium divaricatum Pourr. ex Lam.*,,Open,2,,,,,,Galium divaricatum,Pourr. ex Lam.*
Rubiaceae,Galium murale (L.) All.*,,Open,2,,,,,,Galium murale,(L.) All.*
Rubiaceae,Galium odoratum (L.) Scop.*,,Forest,3,,,,,,Galium odoratum,(L.) Scop.*
Rubiaceae,Galium palustre L.,,Forest,2,,,,,,Galium palustre,L.
Rubiaceae,Galium trifidum L.,,Forest,5,,,,,,Galium trifidum,L.
Rubiaceae,Galium triflorum Michx.,,Forest,18,,,,,,Galium triflorum,Michx.
Rubiaceae,Sherardia arvensis L.*,,Open,8,,,,,,Sherardia arvensis,L.*
Ruppiaceae,Ruppia maritima L.,,Shoreline,3,,,,,,Ruppia maritima,L.
Salicaceae,Populus alba L.*,,Open,2,,,,,,Populus alba,L.*
Salicaceae,Populus tremuloides Michx.,,Forest,8,,,,,,Populus tremuloides,Michx.
Salicaceae,Populus trichocarpa Torr. & A. Gray,,Forest,7,,,,,,Populus trichocarpa,Torr. & A. Gray
Salicaceae,Salix geyeriana Andersson,,Wetland,1,,,,,,Salix geyeriana,Andersson
Salicaceae,Salix hookeriana Barratt ex Hook.,,Wetland,8,,,,,,Salix hookeriana,Barratt ex Hook.
Salicaceae,Salix lasiandra Benth.,var. lasiandra,Wetland,10,,,,,,Salix lasiandra,Benth.
Salicaceae,Salix prolixa Andersson,,Wetland,2,,,,,,Salix prolixa,Andersson
Salicaceae,Salix scouleriana Barratt ex Hook.,,Forest,47,,,,,,Salix scouleriana,Barratt ex Hook.
Salicaceae,Salix sitchensis Sanson ex Bong.,,Wetland,7,,,,,,Salix sitchensis,Sanson ex Bong.
Santalaceae,Arceuthobium tsugense (Rosend.) G.N. Jones,ssp. contortae,Forest,3,,,,,,Arceuthobium tsugense,(Rosend.) G.N. Jones
Sapindaceae,Acer glabrum Torr.,ssp. douglasii,Forest,22,,,,,,Acer glabrum,Torr.
Sapindaceae,Acer macrophyllum Pursh,,Forest,24,,,,,,Acer macrophyllum,Pursh
Saxifragaceae,Heuchera micrantha Douglas ex Lindl.,var. diversifolia,Forest,75,,,,,,Heuchera micrantha,Douglas ex Lindl.
Saxifragaceae,Lithophragma glabrum Nutt.,,Open,2,,,,,,Lithophragma glabrum,Nutt.
Saxifragaceae,Lithophragma parviflorum (Hook.) Nutt.,,Open,40,,,,,,Lithophragma parviflorum,(Hook.) Nutt.
Saxifragaceae,Micranthes integrifolia (Hook.) Small,,Open,19,,,,,,Micranthes integrifolia,(Hook.) Small
Saxifragaceae,Micranthes rufidula Small,,Open,1,,,,,,Micranthes rufidula,Small
Saxifragaceae,Saxifraga austromontana Wiegand,,Open,4,,,,,,Saxifraga austromontana,Wiegand
Saxifragaceae,Saxifraga cespitosa L.,,Shoreline,42,,,,,,Saxifraga cespitosa,L.
Saxifragaceae,Tellima grandiflora (Pursh) Douglas ex Lindl.,,Forest,18,,,,,,Tellima grandiflora,(Pursh) Douglas ex Lindl.
Saxifragaceae,Tiarella trifoliata L.,"var. laciniata, var.  trifoliata, var. unifoliata",Forest,11,,,,,,Tiarella trifoliata,L.
Scrophulariaceae,Verbascum blattaria L.*,,Open,1,,,,,,Verbascum blattaria,L.*
Scrophulariaceae,Verbascum thapsus L.*,,Open,10,,,,,,Verbascum thapsus,L.*
Selaginellaceae,Selaginella wallacei Hieron.,,Open,78,,,,,,Selaginella wallacei,Hieron.
Solanaceae,Solanum dulcamara L.*,,Open,5,,,,,,Solanum dulcamara,L.*
Solanaceae,Solanum physalifolium Rusby*,,Open,1,,,,,,Solanum physalifolium,Rusby*
Solanaceae,Solanum triflorum Nutt.*,,Open,1,,,,,,Solanum triflorum,Nutt.*
Taxaceae,Taxus brevifolia Nutt.,,Forest,30,,,,,,Taxus brevifolia,Nutt.
Thymelaeaceae,Daphne laureola L.*,,Open,13,,,,,,Daphne laureola,L.*
Typhaceae,Sparganium angustifolium Michx.,,Wetland,4,,,,,,Sparganium angustifolium,Michx.
Typhaceae,Sparganium emersum Rehmann,,Wetland,2,,,,,,Sparganium emersum,Rehmann
Typhaceae,Sparganium eurycarpum Engelm.,,Wetland,1,,,,,,Sparganium eurycarpum,Engelm.
Typhaceae,Typha angustifolia L.*,,Wetland,3,,,,,,Typha angustifolia,L.*
Typhaceae,Typha latifolia L.,,Wetland,9,,,,,,Typha latifolia,L.
Ulmaceae,Ulmus procera Salisb.*,,Forest,3,,,,,,Ulmus procera,Salisb.*
Urticaceae,Urtica dioica L.,ssp. gracilis,Forest,38,,,,,,Urtica dioica,L.
Urticaceae,Urtica urens L.*,,Open,1,,,,,,Urtica urens,L.*
Valerianaceae,Centranthus ruber (L.) DC.*,,Open,1,,,,,,Centranthus ruber,(L.) DC.*
Valerianaceae,Plectritis brachystemon Fisch. & C.A. Mey.,,Open,3,,,,,,Plectritis brachystemon,Fisch. & C.A. Mey.
Valerianaceae,Plectritis congesta (Lindl.) DC.,,Open,68,,,,,,Plectritis congesta,(Lindl.) DC.
Valerianaceae,Valeriana scouleri Rydb.,,Forest,3,,,,,,Valeriana scouleri,Rydb.
Valerianaceae,Valerianella locusta (L.) Laterr.*,,Open,4,,,,,,Valerianella locusta,(L.) Laterr.*
Violaceae,Viola adunca Sm.,,Open,3,,,,,,Viola adunca,Sm.
Violaceae,Viola glabella Nutt.,,Forest,2,,,,,,Viola glabella,Nutt.
Violaceae,Viola howellii A. Gray,,Forest,2,,,,,,Viola howellii,A. Gray
Violaceae,Viola langsdorffii Fisch. ex Ging.,,Wetland,1,,,,,,Viola langsdorffii,Fisch. ex Ging.
Violaceae,Viola macloskeyi F.E. Lloyd,,Wetland,1,,,,,,Viola macloskeyi,F.E. Lloyd
Violaceae,Viola odorata L.*,,Forest,1,,,,,,Viola odorata,L.*
Violaceae,Viola palustris L.,,Wetland,1,,,,,,Viola palustris,L.
Violaceae,Viola sempervirens Greene,,Forest,2,,,,,,Viola sempervirens,Greene
Vitaceae,Vitis labrusca L.*,,Forest,2,,,,,,Vitis labrusca,L.*
Vitaceae,Vitis vinifera L.*,,Open,1,,,,,,Vitis vinifera,L.*
Woodsiaceae,Woodsia oregana D.C. Eaton,ssp. oregana,Forest,1,,,,,,Woodsia oregana,D.C. Eaton
Woodsiaceae,Woodsia scopulina D.C. Eaton,"ssp. laurentiana, ssp. scopulina",Forest,3,,,,,,Woodsia scopulina,D.C. Eaton
